inventors_useme,n
CALLOU FRANCOIS,10.0
LAZARJAN DZHONIK SEDRAKOVICH,9.0
SOTNIKOVA ELENA MIKHAJLOVNA,9.0
MISHCHENKO ANATOLIJ PETROVICH,8.0
WANG ZHANHENG,8.0
ALMUHAIRBI EIDA,7.0
KASSAB FARAH AFIF,7.0
LUTSUK SVETLANA NIKOLAEVNA,7.0
DUROV DMITRIJ SERGEEVICH,6.0
ELISTRATOV KONSTANTIN GENNADIEVICH,6.0
ELISTRATOVA TATIANA VIKTOROVNA,6.0
ZHANG CHENG,6.0
ALSHDAIFAT WASFI,5.0
ELISTRATOVA JULIA ANATOLJEVNA,5.0
GUANGJUN ZHANG,5.0
KURUS NATALIA VYACHESLAVOVNA,5.0
MICHAEL RISCHMULLER,5.0
PUCHKOV ALEKSANDR MIKHAJLOVICH,5.0
STRUKOV VILLORIJ IVANOVICH,5.0
TRIFONOV VYACHESLAV NIKOLAEVICH,5.0
ZHANG KESI,5.0
ZHANG YOUFU,5.0
BUYS KOEN,4.0
CORNIC PASCAL,4.0
ELISTRATOV DMITRIY GENNADJEVICH,4.0
ELISTRATOV KONSTANTIN GENNAD EVICH,4.0
FEDOROVA E P,4.0
GARREC PATRICK,4.0
GROMOV VLADIMIR VJACHESLAVOVICH,4.0
HOMYKOVA IRINA VLADIMIROVNA,4.0
HYDE RODERICK A,4.0
JALALI AHMAD,4.0
JOHNSON MARK,4.0
JU WENHAI,4.0
LIPSMAN DAVID LAZOROVICH,4.0
MATSUMURA TOSHIYUKI,4.0
PEREGUDOV BORIS VASIL EVICH,4.0
SAIKI SHUJI,4.0
SERRE FREDERIC,4.0
SEYDOUX HENRI,4.0
SYROV ANATOLIJ SERGEEVICH,4.0
SZYDLOWSKI ALLEN,4.0
SZYDLOWSKI IAN,4.0
TATAUROV IOSIF JAKOVLEVICH,4.0
ZHDANOVICH NADEZHDA PAVLOVNA,4.0
BAGDASARJAN EHDUARD GARIKOVICH,3.0
BENHUA LIU,3.0
CAUBEL CHRISTINE,3.0
CHEN RIBAO,3.0
CHERNOUS TIMOFEJ ALEKSANDROVICH,3.0
CHOE JONG PIL,3.0
DESAULNIERS JEAN MARC JOSEPH,3.0
ELINE PIERRE,3.0
FARJON JULIEN,3.0
FEDOROV ALEKSANDR VIKTOROVICH,3.0
FUQIANG ZHOU,3.0
GUOAN LUO,3.0
HELOU ELIE JR,3.0
HODGE MALCOLM H,3.0
HUANG XIN,3.0
JONES-STRUKOVA OLGA,3.0
JUNG EDWARD K Y,3.0
JUNHUA SUN,3.0
JURKONENKO ALEKSEJ NIKOLAEVICH,3.0
KORNUSHENKO ALEKSANDR VJACHESLAVICH,3.0
KOVALENKO VALERII OLEKSIIOVYCH,3.0
KRUTIAKOV EVGENIJ NIKOLAEVICH,3.0
KUDRJAVTSEV OLEG VALENTINOVICH,3.0
LEFEBURE MARTIN,3.0
LEVIEN ROYCE A,3.0
LORD RICHARD T,3.0
LORD ROBERT W,3.0
LOSIEV OLEKSII MYKHAILOVYCH,3.0
MALAMUD MARK A,3.0
MORESVE JULIEN PIERRE GUILLAUME,3.0
PETROV IGOR JAKOVLEVICH,3.0
PIKALIN SERGEJ ALEKSANDROVICH,3.0
POPOV BORIS NIKOLAEVICH,3.0
QI YUXUE,3.0
RONAN AFFRE DE SAINT ROME,3.0
SCHAER ANDRE,3.0
SEROKHVOSTOV SERGEJ VLADIMIROVICH,3.0
SHIYUAN ZHANG,3.0
SOLOMON NEAL,3.0
SOLOV EV ALEKSEJ SERGEEVICH,3.0
STOKES PAUL,3.0
TANG YANLONG,3.0
TAVITOVA GALINA KIRILLOVNA,3.0
TEGREENE CLARENCE T,3.0
THOMAS MICHAEL STEVEN,3.0
TOLBINA GALINA ANATOLIEVNA,3.0
TONKACHEV VLADIMIR VIKTOROVICH,3.0
TRIFONOV VJACHESLAV NIKOLAEVICH,3.0
WANG XIAOYI,3.0
YANG ZHONGQI,3.0
YEOMANS CHRIS,3.0
ZENG ZHIJIANG,3.0
ZHENZHONG WEI,3.0
ZUBAREV ALEKSANDR NIKOLAEVICH,3.0
ANDREEVA ELENA STANISLAVOVNA,2.0
AO JIKANG,2.0
ARMSTRONG KEITH C,2.0
ARTJUSHIN BORIS SERGEEVICH,2.0
"BACKSTEIN, GUENTER",2.0
BAOZHU LI,2.0
BARNIER JEAN-FRANCOIS,2.0
BELJAEV ALEKSANDR VLADIMIROVICH,2.0
BERRY ROBERT W,2.0
BO XIAOCHEN,2.0
BO ZHANG,2.0
BURCHETTE ROBERT L JR,2.0
BYKOV ALEKSANDR GRIGOR EVICH,2.0
CAIN LAWRENCE,2.0
CHANGJIE JIANG,2.0
CHANGKU SUN,2.0
CHERNOV KIRILL EVGEN EVICH,2.0
CHISTJAKOV NIKOLAJ VALER EVICH,2.0
CLAIRE JONCHERY,2.0
CORINELLA JUSTIN TYLER,2.0
COULMEAU FRANCOIS,2.0
CROUSE TIMOTHY CHRISTIAN,2.0
CURCIO JOSEPH,2.0
D HAEYER FREDERIC,2.0
Ð•Ð»Ð¸ÑÑ‚Ñ€Ð°Ñ‚Ð¾Ð² Ð”Ð¼Ð¸Ñ‚Ñ€Ð¸Ð¹ Ð“ÐµÐ½Ð½Ð°Ð´ÑŒÐµÐ²Ð¸Ñ,2.0
Ð•Ð»Ð¸ÑÑ‚Ñ€Ð°Ñ‚Ð¾Ð² ÐšÐ¾Ð½ÑÑ‚Ð°Ð½Ñ‚Ð¸Ð½ Ð“ÐµÐ½Ð½Ð°Ð´ÑŒÐµÐ²Ð¸Ñ,2.0
Ð•Ð»Ð¸ÑÑ‚Ñ€Ð°Ñ‚Ð¾Ð²Ð° Ð®Ð»Ð¸Ñ ÐÐ½Ð°Ñ‚Ð¾Ð»ÑŒÐµÐ²Ð½Ð,2.0
Ð¢Ñ€Ð¸Ñ„Ð¾Ð½Ð¾Ð² Ð’ÑÑ‡ÐµÑÐ»Ð°Ð² ÐÐ¸ÐºÐ¾Ð»Ð°ÐµÐ²Ð¸Ñ,2.0
DELUCIA ANTHONY P,2.0
DENNIS FETTERS,2.0
DERBANNE THOMAS,2.0
DETSINA A N,2.0
DONG GAOQING,2.0
DOROKHIN ALEKSEJ VJACHESLAVOVICH,2.0
ÐšÑƒÑ€ÑƒÑÑŒ ÐÐ°Ñ‚Ð°Ð»ÑŒÑ Ð’ÑÑ‡ÐµÑÐ»Ð°Ð²Ð¾Ð²Ð½Ð,2.0
DU XIAOBO,2.0
ELISTRATOVA JULIJA ANATOL EVNA,2.0
EREMINA NATALYA VYACHESLAVOVNA,2.0
FAN SHOUSHAN,2.0
FANG YU,2.0
FENG MAO,2.0
FENGXIANG NIU,2.0
FILIMONOV BORIS NIKOLAEVICH,2.0
FLEUREAU JULIEN,2.0
FOINET GILLES,2.0
FORTH BRADFORD J,2.0
FROESCHLE THOMAS A,2.0
FU SONGHAI,2.0
FU YINGWEI,2.0
FUSHENG ZHANG,2.0
GALEEVA RAMZIYA TIMURSHOVNA,2.0
GAVRILOV ANATOLIJ DMITRIEVICH,2.0
GEIGER VINCENT,2.0
GENIN PHILIPPE,2.0
GI YO,2.0
GOLODJAEV ALEKSANDR IVANOVICH,2.0
GOUDEAU JEAN-PHILIPPE,2.0
GRAS HERVE LE,2.0
GUOQUAN SUN,2.0
HAN BIN,2.0
HANCOCK MARTIN A,2.0
HARDING WILLIAM V,2.0
HE MINGQING,2.0
HELDMANN HEINRICH,2.0
HILLIARD DONALD PATRICK,2.0
HILLIARD MICHAEL PATRICK,2.0
HOURLIER SYLVAIN,2.0
HUANG QIANGWEI,2.0
HUILIAN TANG,2.0
HYATT GEOFFREY T,2.0
ì´ì§„ìš,2.0
ì´ìœ ì,2.0
ISOBE TOSHIO,2.0
IVANOV PAVEL EVGEN EVICH,2.0
JAMALIEV RUSLAN RAFAILOVICH,2.0
JANSEN PETER GERARDUS,2.0
JANSSEN BOB,2.0
JHONES OLGA,2.0
JI MINTING,2.0
JIANG YA NAN,2.0
JIN BYUNG RAE,2.0
JIXIN SUN,2.0
JONIOT JACQUES,2.0
JOUBERT EMMANUEL,2.0
KAMYSHOVA TAT JANA JUR EVNA,2.0
KARATAEV ROBINDAR NIKOLAEVICH,2.0
KHAJRULLIN RUSTAM BARIEVICH,2.0
KHIZHA VALENTIN VASIL EVICH,2.0
KHIZHA VASILIJ DMITRIEVICH,2.0
KHOMYAKOVA IRINA VLADIMIROVNA,2.0
KIM DO WON,2.0
KLIMENKO ALEKSANDR IVANOVICH,2.0
KOLDAEV ALEKSANDR VASIL EVICH,2.0
KONCZAL GREG J,2.0
KORZHAVIN G A,2.0
KRAJNOV ALEKSANDR KONSTANTINOVICH,2.0
KRASUTSKY NICHOLAS,2.0
KRUTYAKOV EVGENY NIKOLAEVICH,2.0
KURUS NATAL JA VJACHESLAVOVNA,2.0
KUZE MITSUKAZU,2.0
LE CLERC FRANCOIS,2.0
LEE MAN YOUNG,2.0
LEMELSON JEROME H,2.0
LENG ZHIHUI,2.0
LEVEQUE STEPHANE,2.0
LI GUOZHE,2.0
LI JIANKE,2.0
LI JUNFU,2.0
LI LI,2.0
LI LIANG,2.0
LI SHUANLIN,2.0
LI TAIAN,2.0
LI WEI,2.0
LI XI,2.0
LI ZHIYONG,2.0
LIGHTBODY SIMON H,2.0
LIHUA CHEN,2.0
LIN ZHIDE,2.0
LINNIKOVA V A,2.0
LORD WESLEY K,2.0
LU SEN,2.0
MAJBUROV DMITRIJ GENRIKHOVICH,2.0
MAJOE DENNIS,2.0
MAKSIMOVA MARINA NIKOLAEVNA,2.0
MALOV JURIJ IVANOVICH,2.0
MALVEAUX CHESTER CHARLES,2.0
MANIN MICHEL,2.0
MAURICE PETER R,2.0
MCDONNELL RORY T,2.0
MEDLIN MATTHEW J,2.0
MEEUS KOBE,2.0
METZLER BERNHARD,2.0
MI CUI,2.0
MILLER ROBERT S,2.0
MILLS WARWICK,2.0
MITROFANOV DMITRIJ GENNAD EVICH,2.0
MITSYNA ALEKSANDRA SERGEEVNA,2.0
MORRA FLAVIEN,2.0
NAND RAJ,2.0
NIKOL TSEV V A,2.0
NORMAN DAVID,2.0
NOSACHEV LEONID VASIL EVICH,2.0
OGOL TSOV IGOR IVANOVICH,2.0
PAPE OLIVIER,2.0
PAUMIER PHILIPPE,2.0
PEDERSEN ROBERT D,2.0
PETILLON JEAN PAUL,2.0
PODOPLEKIN JU F,2.0
POGODAEV VLADIMIR ANIKEEVICH,2.0
POLK MATTHEW S,2.0
POROSHKIN KONSTANTIN VLADIMIROVICH,2.0
POTTER JEFFREY J,2.0
PROKHOROV MIKHAIL DMITRIEVICH,2.0
RADCHENKO LARISA GRIGORIEVNA,2.0
REN SHIYUAN,2.0
REUDINK DOUG O,2.0
RHO IN CHUL,2.0
RI HOUSHIYU,2.0
RIEUNIER CAMILLE,2.0
ROGERSON GEORGE,2.0
RUVIO REMI,2.0
SACLE JEROME,2.0
SAFONOVSKAJA EVGENIJA VJACHESLAVOVNA,2.0
SANCOFF GREGORY E,2.0
SATOVSKIJ BORIS L VOVICH,2.0
SAVOYE GUILLAUME,2.0
SCHUBART RUDOLF,2.0
SELLS ROBIN,2.0
SERRE FRÃ‰DÃ‰RIC,2.0
SHCHERBAKOV GENNADIJ IVANOVICH,2.0
SHEN LIANG,2.0
SHENGQI WANG,2.0
SHISHKOV SERGEJ VIKTOROVICH,2.0
SIMANOVSKIJ I V,2.0
SMOLSKI STEVEN J,2.0
SOUTIF CHRISTOPHE,2.0
STAKHOV EVGENIJ ALEKSANDROVICH,2.0
TARIOLLE FRANCOIS-LOUIS,2.0
THE INVENTOR HAS WAIVED THE RIGHT TO BE MENTIONED,2.0
TIAN YONG,2.0
TINGTING WANG,2.0
URVOY EMILE,2.0
VOJNOV E A,2.0
WALDHORN JOSHUA,2.0
WAN FANGHAO,2.0
WAN YUAN,2.0
WANG PENG,2.0
WANG PU,2.0
WANG WEI,2.0
WANG YANG,2.0
WANG YIGUO,2.0
WANG YONG,2.0
WANGXING HE,2.0
WEBER ADOLF,2.0
WEI KE,2.0
WELLCOME DAVID,2.0
WILLNER BYRON J,2.0
WU GANG,2.0
WU JIE,2.0
XIA BIZHONG,2.0
XIAODONG TAN,2.0
XIAODONG ZHANG,2.0
XIAOLIANG MA,2.0
XIN RONGTI,2.0
XIULIAN JU,2.0
XUJIANG HE,2.0
YAHONG ZHANG,2.0
YANG BO,2.0
YANG CHUANHUI,2.0
YANG JIAN,2.0
YANG XIUMAO,2.0
YANG ZHEN,2.0
YEO JOO HONG,2.0
YU YUHUA,2.0
YUEHUA CHEN,2.0
ZAJNULLIN ALEKSANDR VIKTOROVICH,2.0
ZHANG DEHU,2.0
ZHANG HONG,2.0
ZHANG JIAN,2.0
ZHANG XIANZHI,2.0
ZHANG XUN,2.0
ZHANG YANLONG,2.0
ZHANG YU,2.0
ZHAO FENG,2.0
ZHAO GUOCHENG,2.0
ZHAO YUE,2.0
ZHENDONG LEI,2.0
ZHIPING WANG,2.0
ZHOU ANDREW H B,2.0
ZHOU DYLAN T X,2.0
ZHOU FUQIANG ZHANG,2.0
ZHOU TIGER T G,2.0
ZHOU ZHIJIAN,2.0
ZHU HE,2.0
ZHU XINHUA,2.0
ZIMIN SERGEJ NIKOLAEVICH,2.0
ABDELRAHMAN WAEL G,1.0
ABDULRAB HABIB,1.0
ABRAMOV ALEKSANDR VLADIMIROVICH,1.0
ABRAMS DANIEL,1.0
ADAM RICHARD D,1.0
AFANAS EVSKIJ LEONID BORISOVIC,1.0
AGUERO CECILIA,1.0
AHMADI ARASH,1.0
AHMED GHUFRAN,1.0
AHMED SYED NADEEM,1.0
AILAN ZOU,1.0
AKERS DAVID SPENCER,1.0
AKHMEROV SHAMIL RAVILEVICH,1.0
AKINO YUTAKA,1.0
AKIYAMA YUTAKA,1.0
AL-GARNI AHMED Z,1.0
ALDERUCCI DEAN P,1.0
ALEKHIN MAKSIM DMITRIEVICH,1.0
ALEXANDER ERIC J,1.0
ALFORD ROBERT,1.0
ALHINA TALIB MUHAMMAD TALIB,1.0
ALLA SEKHAR REDDY,1.0
ALLEN DANN M,1.0
ALLEN DWAYNE,1.0
ALLEN ROBERT M,1.0
ALTER OLEKSANDR VOLODYMYROVYCH,1.0
AMBROISE STEPHANIE,1.0
AN JIANDONG,1.0
ANDÃšJAR MÃRQUEZ JOSÃ‰ MANUEL,1.0
ANDERSON JEFFERY,1.0
ANDERSON JEFFREY S,1.0
ANDERSON THOMAS,1.0
ANDREEV GRIGORIJ IVANOVICH,1.0
ANDREEVA ELENA S,1.0
ANDRIEVSKIJ V R,1.0
ANDRITOIU CALIN VASILE,1.0
ANGEL RONEN,1.0
ANISIMOV KONSTANTIN ANATOL EVICH,1.0
ANTONY SURESH,1.0
ÄŒABARKAPA OBRAD DR,1.0
ARAGON PATRICIA VERGARA,1.0
ARAI AKIRA,1.0
ARCH ARNOLD STEPHEN,1.0
ARCHER CAMERON,1.0
ARMS STEVEN WILLARD,1.0
ARNESON MICHAEL R,1.0
ARNOLD MICHAEL,1.0
ARRASVUORI JUHA,1.0
ARTAMASOV O JA,1.0
ARUFUREDO TADEO DEIASU BUARUDE,1.0
ASAHI YASUHIKO,1.0
ASANINA DAR JA ANDREEVNA,1.0
ASHCHEULOV V I,1.0
AUJOULAT JULIE,1.0
AYDIN OSMAN,1.0
AYLOR ROBERT B,1.0
BABEL MATHIEU,1.0
BACHELIER VOLKER,1.0
BACHINSKIJ A G,1.0
BACHMAN II THOMAS A,1.0
BACHMANN MATT,1.0
BADEKIN VLADIMIR NIKOLAEVICH,1.0
BAE JONG OE,1.0
BAI PENGYING,1.0
BAIER HEINZ,1.0
BAILEY HERMAN,1.0
BAILLARD CAROLINE,1.0
BAKLIN ANDREJ ALEKSANDROVICH,1.0
BALARESQUE ANTOINE,1.0
BALITSKIJ VADIM STEPANOVICH,1.0
BAMBHA MANIK,1.0
BANDY WILLIAM ROBERT,1.0
BANSEMIR HORST DR,1.0
BAO JINHE,1.0
BAO QIANNIAN,1.0
BAOKUI ZHOU,1.0
BAOQING WANG,1.0
BAOZHEN GE,1.0
BARABASH VLADISLAV SERGEEVICH,1.0
BARAK TUVIA,1.0
BARBER PHILIP RICHARD,1.0
BARCLAY JR CLAYTON C,1.0
BARFIELD JR JAMES RONALD,1.0
BARFOED JESPER,1.0
BARKOVSKIJ VLADIMIR IVANOVICH,1.0
BARKOVSKIY VLADIMIR IVANOVICH,1.0
BARRAUX ERIC,1.0
BARRY JAMES P,1.0
BASHMAKOV VLADYSLAV PYLYPOVYCH,1.0
BASHMAKOVA NATALIIA VASYLIVNA,1.0
BASTANCHURY PHILLIP E,1.0
BATENIN ALEKSANDR VJACHESLAVOVICH,1.0
BATISHCHEV DENIS VLADIMIROVICH,1.0
BATSKIKH JURIJ MIKHAJLOVICH,1.0
BAUER MARTIN L,1.0
BAUKUS WILLIAM JOHN,1.0
BEHENSKY MAX LARKIN,1.0
BEKANICH JOSEPH,1.0
BEL SKIKH A I,1.0
BELJAEV VALERIJ ANATOL EVICH,1.0
BELLENGER AMANDINE,1.0
BELOKON IGOR NIKOLAEVICH,1.0
BELOTELOV DMITRIJ VADIMOVICH,1.0
BELUGIN NIKOLAJ VASIL EVICH,1.0
BEN-SHACHAR EHJAL,1.0
BENATAR YONI,1.0
BENDT MADS,1.0
BENGSCH EBERHARD PROF DR,1.0
BENOSMAN MOUHACINE,1.0
BENQUN LIU,1.0
BEPPU SATOSHI,1.0
BERGERO DIDIER JOSEPH EUGENE,1.0
BERGERON CYRIL,1.0
BERNARD DOMINIQUE,1.0
BERRY JENNIFER,1.0
BERTA DOMINIQUE P,1.0
BERTHIER BERNARD,1.0
BERTHOLD JOHN WILLIAM,1.0
BESSE PAUL,1.0
BETKOVSKIJ JURIJ JAKOVLEVICH,1.0
BETTSTETTER CHRISTIAN,1.0
BEUTEL ANDREAS,1.0
BEUTIN BRUNO,1.0
BEYELER ANTOINE,1.0
BEZJAEV VIKTOR STEPANOVICH,1.0
BEZVERKHNIY VALERY BORISOVICH,1.0
BHARGAVA RAJESH,1.0
BHUSRI GURCHARAN SINGH,1.0
BIAN KAI,1.0
BIANCHI THOMAS,1.0
BIANYING HU,1.0
BICHEL JENS,1.0
BIEST ROMUALD,1.0
BIKKO NIRINJAN,1.0
BINETTI PAOLO,1.0
BINGJIE LIU,1.0
BINKHOLDER RYAN,1.0
BLAKE BUCHANAN,1.0
BLANC-PAQUES FABIEN,1.0
BO JIAN,1.0
BO MU,1.0
BOBRUS ANDREJ VLADISLAVOVICH,1.0
BOCCUZZI RICHARD,1.0
BODOR NICHOLAS S,1.0
BOETTGER WOLFGANG,1.0
BOEV SERGEJ FEDOTOVICH,1.0
BOGOMOLOV ALEKSEJ VALER EVICH,1.0
BOGOMOLOV KIRILL VIKTOROVICH,1.0
BOHL JURGEN,1.0
BOHR INGO,1.0
BOHUTSKA OLENA YEVHENIIVNA,1.0
BOIKO MYKOLA HRYHOROVYCH,1.0
BOJKO EVGENIJ NIKOLAEVICH,1.0
BOLSEE BENOIT,1.0
BONNET STEPHANE,1.0
BORT ROSEMARIE,1.0
BOUFOUNOS PETROS T,1.0
BOUILLER PHILIPPE,1.0
BOURDIS NICOLAS,1.0
BOUTEYRE JACQUES,1.0
BRADEN JASON D,1.0
BRADLOW HENRY W,1.0
BREDY THIERRY,1.0
BRENNAN MICHAEL,1.0
BRETSCHNEIDER THOMAS,1.0
"BRINKMANN, ANNETTE",1.0
BRISSET NICOLAS,1.0
BRITCHER ERIC BRAMWELL,1.0
BROSSAY NICOLAS,1.0
BROTHERTON-RATCLIFFE DAVID,1.0
BROVARSKY VALERII DMYTROVYCH,1.0
BROWN ROBERT,1.0
BRUCE PETER,1.0
BRUNET LUC,1.0
BRUTOCO RINALDO,1.0
BSCHORR OSKAR,1.0
BUELTHOFF HEINRICH H,1.0
BUFFENOIR FRANCOIS,1.0
BUJANOV SERGEJ IVANOVICH,1.0
BULANOVA OLESJA GENNAD EVNA,1.0
BULGAKOV DMITRIJ VIKTOROVICH,1.0
BURAVLEV DMITRIJ IVANOVICH,1.0
BURDETT MICHAEL LEE,1.0
BURDINE DOROTHY DEVINE,1.0
BURDINE ROBERT VAN,1.0
BURDOIN ROBERT B,1.0
BURGANSKIJ A I,1.0
BURLOV VLADIMIR VASIL EVICH,1.0
BURMISTROVA LILIA ALEXANDROVNA,1.0
BURNS ROBERT R,1.0
BYLER ERIC ALAN,1.0
BYRNE JAKE,1.0
BYRNE PAUL,1.0
CAI XINGJI,1.0
CALDEIRA KENNETH G,1.0
CALDICHOURY ETIENNE,1.0
CALLERAME JOSEPH,1.0
CALMEJANE JEROME,1.0
CAMERON DUGALD,1.0
CAMPBELL JEFFREY,1.0
CANEPA GUIDO,1.0
CAO CAN,1.0
CAO LIANGMING,1.0
CARPENTIER LUC,1.0
CARR DOMINIC JASON,1.0
CARROLL ZACHARY ALAN,1.0
CARTER GEORGE,1.0
CASAGLI NICOLA,1.0
CASON WILLIAM R,1.0
CASTURI SESHAGIRI RAO,1.0
CAVOTE JOHN M,1.0
CELLA CHARLES,1.0
CHAE EONG SU,1.0
CHAMPION EDWIN J,1.0
CHAN ALISTAIR K,1.0
CHAND JAGDISH,1.0
CHANG HONGXING,1.0
CHANG RONG N,1.0
CHANG TIEZHENG,1.0
CHANG YANHU,1.0
CHANGQING ZHOU,1.0
CHAPERON CEDRIC,1.0
CHARUSHNIKOV ALEKSANDR VALER EVICH,1.0
CHARYTON HECTOR,1.0
CHAUDHARY VISHAL,1.0
CHEKRYGA GALINA PETROVNA,1.0
CHEN BO-LIN,1.0
CHEN CHANGLIN,1.0
CHEN CHAO,1.0
CHEN CHAOLU,1.0
CHEN CHIA MING,1.0
CHEN GUOWANG,1.0
CHEN HONGJUN,1.0
CHEN HUI,1.0
CHEN JIANMING,1.0
CHEN JIANXIAO,1.0
CHEN JINLING,1.0
CHEN LIAN,1.0
CHEN LIANQING,1.0
CHEN LUO,1.0
CHEN THEODORE C,1.0
CHEN XIANG,1.0
CHEN XIAO,1.0
CHEN XUAN,1.0
CHEN YANFENG,1.0
CHEN YOUSHENG,1.0
CHEN YU,1.0
CHEN ZHIHUI,1.0
CHEN ZHONGYI,1.0
CHENG LITAO,1.0
CHENGUANG ZHOU,1.0
CHEOK KA C,1.0
CHEREPANOVA VALENTINA EVGEN EVNA,1.0
CHERKASOVA ANTONINA IVANIVNA,1.0
CHERNIKOV SERGEJ GRIGOR EVICH,1.0
CHERNOV LEONID ALEKSANDROVICH,1.0
CHERON CORENTIN,1.0
CHEVALLEY LAURE,1.0
CHIU BRUCE S,1.0
CHIVU VALENTINA,1.0
CHIVU VASILE,1.0
CHO CHANG HEE,1.0
CHO SHIN JE,1.0
CHOI JAE CHIL,1.0
CHOI YONG SOO,1.0
CHONG KYU HAN,1.0
CHOUCHOU LI,1.0
CHUNG ALBERT YONG JOON,1.0
CHUNG JI SOO,1.0
CHUNHUA XU,1.0
CHURCH KENNETH H,1.0
CIAUSU VIOREL,1.0
CIJUN YU,1.0
CLARK DAVID,1.0
CLAUDE GETIN,1.0
CLINGERMAN MATTHEW L,1.0
CODORNIU ANA,1.0
COHEN PHILIP,1.0
COLIN NICOLAS,1.0
CONG JINGHUA,1.0
CONG LIGANG,1.0
COOK CHARLES I,1.0
COOKS KRISTOFFER,1.0
CORKE PETER,1.0
COSTE EMMANUEL,1.0
COTTEN STEVEN A,1.0
CRAIMER STEPHEN G,1.0
CRISCOLO MICHAEL,1.0
CRISCOLO NICOLE,1.0
CROZIER ROBERT,1.0
CUENDE ALONSO DANIEL,1.0
CUI JINJIE,1.0
CUIPING KONG,1.0
CURRIE MARK G,1.0
CZOTTER THEODORE,1.0
D JACHENKO JULIJA VASIL EVNA,1.0
Ð‘ÑƒÐ´Ð½Ð¸ÐºÐ¾Ð²Ð° ÐÐ°Ñ‚Ð°Ð»ÑŒÑ Ð’Ð°Ð»ÐµÐ½Ñ‚Ð¸Ð½Ð¾Ð²Ð½Ð,1.0
Ð‘ÑƒÑ€Ð¼Ð¸ÑÑ‚Ñ€Ð¾Ð²Ð° Ð›Ð¸Ð»Ð¸Ñ ÐÐ»ÐµÐºÑÐ°Ð½Ð´Ñ€Ð¾Ð²Ð½Ð,1.0
Ð•Ð»Ð¸ÑÑ‚Ñ€Ð°Ñ‚Ð¾Ð²Ð° Ð¢Ð°Ñ‚ÑŒÑÐ½Ð° Ð’Ð¸ÐºÑ‚Ð¾Ñ€Ð¾Ð²Ð½Ð,1.0
Ð¥Ð¾Ð¼ÑÐºÐ¾Ð²Ð° Ð˜Ñ€Ð¸Ð½Ð° Ð’Ð»Ð°Ð´Ð¸Ð¼Ð¸Ñ€Ð¾Ð²Ð½Ð,1.0
DA SILVA NETO EUGENIO FERREIRA,1.0
DAI GUANHAI,1.0
DAI JIANGUO,1.0
DAI XINGYUAN,1.0
DALONG MA,1.0
DAMIANI NICOLAS,1.0
DAMM EDWARD A,1.0
DAN XIE,1.0
DANIEL JEAN PIERRE,1.0
DANIELS JOHN JAMES,1.0
DANILIN JURIJ GEORGIEVICH,1.0
DANION CHRISTIAN,1.0
DANTES DIDIER,1.0
DARIS THOMAS,1.0
DAVENPORT ROGER ALLEN,1.0
DAVIDCHUK ANDREJ GENNADIEVICH,1.0
DAVIDSON ROBERT C,1.0
DAVIES BARRY,1.0
DAWEI LI,1.0
DE BRITO GABRIELLE,1.0
DE LAGARDE MICHAEL,1.0
DE LEON RICHARD ELOY,1.0
DE MIRAS JEROME,1.0
DE VLEESCHOUWER LUC,1.0
DEBOURLE FRANCOIS,1.0
DEBOVE NICOLAS,1.0
DELCASSIAN LAWRENCE,1.0
DELPAPA KENNETH B,1.0
DEMIN PETR EVGEN EVICH,1.0
DENG FAN,1.0
DENT JR WILLIAM V,1.0
DEREN TAN,1.0
DERKX FRANCOIS,1.0
DESCATHA MICHEL HENRI,1.0
DESCLAUX MICHEL,1.0
DESCOMBES GEORGES,1.0
DESHOU TIAN,1.0
DESROCHERS DANIEL,1.0
DEVAULT JAMES E,1.0
DEYAN YANG,1.0
DI XIAOQIANG,1.0
DIETZ SCOTT GREGORY,1.0
DIKAREV VIKTOR IVANOVICH,1.0
DING JUGUO,1.0
DINH HOANG CONG,1.0
DISCHNER JOHN M,1.0
DITTMANN FRANK LUTZ,1.0
DJORDJEVIC BRANKO,1.0
DJUGASH JOSEPH MARIA ANGELO,1.0
DMITRIEV MIKHAIL LEONARDOVICH,1.0
DMITRIEV VLADIMIR GRIGORIEVICH,1.0
DOBBIN LESLEY ANN,1.0
DOLGIN BENJAMIN,1.0
DOLLINGER MARKUS,1.0
DOMMER JOSEF,1.0
DONG DONG,1.0
DOROFEEV ROMAN VLADIMIROVICH,1.0
DOU LIFENG,1.0
DOUGHERTY ELIZABETH,1.0
DOUSSINAULT MARC,1.0
DROBEZ HERVE,1.0
DROBINA ANNA IVANOVNA,1.0
DRUCKMAN DOTAN,1.0
DRYGINA LARISA BORISOVNA,1.0
DU SHAOLIN,1.0
DU TAO,1.0
DU WU,1.0
DUAN MIN,1.0
DUAN XINGYUN,1.0
DUBININ DENIS BORISOVICH,1.0
DUCHEYNE ELS,1.0
DUCOLLET ALAIN,1.0
DUDDA TORSTEN,1.0
DUGRIP DENIS,1.0
DUL KIN IGOR IOSIFOVICH,1.0
DURAND BERNARD,1.0
DYKYI IHOR LEONIDOVYCH,1.0
ë°•ì„±ì,1.0
ê°•íƒœí,1.0
ê°•ìš©ìš,1.0
ë¬¸ë´‰ê,1.0
ë¬¸ì„í,1.0
ë¥˜ì¶©ë,1.0
ê¹€ë´‰ê,1.0
ê¹€ê°•í,1.0
ê¹€ëŒ€í,1.0
ê¹€ì •í,1.0
ê¹€í˜„íƒœ,1.0
EASTMAN GEORGE A,1.0
EATON HARRY A,1.0
ECKHARDT ALLEN,1.0
EFREMOV G A,1.0
EFREMOV VLADIMIR ANATOL EVICH,1.0
EGOROV IVAN VLADIMIROVICH,1.0
EHLEN TILO,1.0
EIBAND DAVID M,1.0
EINEDER MICHAEL DR,1.0
EISNER GERALD R,1.0
EKSHEMBIEV S KH,1.0
ELISTRATOV DMITRIJ GENNAD EVICH,1.0
ELISTRATOV KONSTANTIN G,1.0
ELISTRATOVA JULIJA A,1.0
ELISTRATOVA JULIJA ANATOLIEVNA,1.0
ELISTRATOVA TATIANA V,1.0
ELISTRATOVA TATYANA VIKTOROVNA,1.0
ELSNER OLAF,1.0
EMEL JANOVA TAT JANA JUR EVNA,1.0
ENGEL JUERGEN,1.0
ENGLIN ROBERT N,1.0
ENOMOTO KOTARO,1.0
ERAKHTIN MIKHAIL MIKHAJLOVICH,1.0
ERDELEN CHRISTOPH,1.0
EREMINA NATALYA V,1.0
ESAULOV EVGENIJ IGOREVICH,1.0
ESCHMANN CHRISTIAN,1.0
ESSER GERD,1.0
ESTEYNE DIDIER,1.0
EUER HARTMUT DIPL-ING,1.0
EVSJUKOV GENNADIJ ALEKSANDROVICH,1.0
EVTEEV VLADIMIR ANDREEVICH,1.0
EVTEEVA ANNA VLADIMIROVNA,1.0
EXPERT FABIEN,1.0
EYERS PATRICK ALEXANDER,1.0
FADIN ARKADIJ GEORGIEVICH,1.0
FAIRWEATHER JOHN,1.0
FALEEV MIKHAIL IVANOVICH,1.0
FAN GUOLIANG,1.0
FAN KAI,1.0
FAN PENGHAO,1.0
FAN SHUANGLIAN,1.0
FAN ZHANG,1.0
FANG TING,1.0
FARGANO MICHAEL J,1.0
FARNHAM TERRY L,1.0
FARRAKHOV FIRDAVIS AGZAMOVICH,1.0
FAZYLOV MARAT ZAVIL EVICH,1.0
FEDIN STANISLAV IVANOVICH,1.0
FEDORENKO GENNADIJ ANDREEVICH,1.0
FEDORISHCHEV OLEG NIKOLAEVICH,1.0
FEDOROV ALEKSANDR V,1.0
FEDOROV ALEKSEY INNOKENTIEVICH,1.0
FEI NING,1.0
FEIHUA CAI,1.0
FELDMAN ARKADII ISAAKOVYCH,1.0
FELINTO DALAI QUINTANILHA,1.0
FENDT GUENTER,1.0
FENG BAOLIN,1.0
FENG HAIKUAN,1.0
FENG WANXI,1.0
FENG XUDONG,1.0
FENG YIHUA,1.0
FENG YINGCHUN,1.0
FENG ZEMEI,1.0
FERIK SAMI EL,1.0
FERNANDES ROOSEVELT A,1.0
FERRARI LAURENCE,1.0
FERT JEREMY,1.0
FESLAND SYLVAIN,1.0
FETISOV LEONID NIKOLAEVICH,1.0
FETISOV VLADIMIR STANISLAVOVICH,1.0
FIELD LESLIE A,1.0
FIL CHENKO NIKOLAJ VLADIMIROVICH,1.0
FINK DAVID M,1.0
FISCHER REINER,1.0
FLACHS BRIAN,1.0
FLEISCHER COREY A,1.0
FOFANOV DMITRIJ VIKTOROVICH,1.0
FOMICHEV EHDUARD NIKOLAEVICH,1.0
FOMINA IRINA ANDREEVNA,1.0
FONTVIELLE ADRIEN,1.0
FOOTE DAVID HENRY,1.0
FOREMAN KEVIN,1.0
FORGEOT HUBERT,1.0
FOSTER JOHN K,1.0
FOURNIER JEAN-CLAUDE,1.0
FRANCHET MICHEL,1.0
FRANKE ANDRE,1.0
FRANZEN STEFAN,1.0
FREED BRIAN S,1.0
FRENCH MICHAEL,1.0
FRESTEL NORBERT,1.0
FRITZEMEIER KARL-HEINRICH,1.0
FU JINGLI,1.0
FUJITA TAKESHI,1.0
FULLER BRAD ALLEN,1.0
G JOSEMIN BALA DR,1.0
G MURALI KRISHNAAN,1.0
GABBASOV MARLEN ZUBAIROVICH,1.0
GABBAY RONEN IZIDOR,1.0
GAJNOV JURIJ ANATOL EVICH,1.0
GAJZATULLIN RINAT RAUFOVICH,1.0
GAL YOAV,1.0
GALEEVA RAMZIYA T,1.0
GALIEVA OL GA RADILEVNA,1.0
GALIMBERTI ARNAUD,1.0
GAN TINGTING,1.0
GANG LI,1.0
GANG WANG,1.0
GANGHOFER ANDREAS,1.0
GANT ARLIN W,1.0
GAO BANGSHU,1.0
GAO DAWEI,1.0
GAO JUNLONG,1.0
GAO KUN,1.0
GAO QIAN,1.0
GAO SHANGKUN,1.0
GAO WEIQIANG,1.0
GARCIA FELIPE A,1.0
GARDNER ROBB RICHARD,1.0
GARVER THEODORE M,1.0
GASSMANN UWE,1.0
GATEPAILLE SYLVAIN,1.0
GATLAND CHRISTOPHER DANIEL,1.0
GAUGGEL ROLAND,1.0
GAUTHIER THIERRY,1.0
GE HONGSHAN,1.0
GE XIAOFEI,1.0
GEBERT JENS,1.0
GEISLER OLE,1.0
GELMAN GEOFFREY M,1.0
GEMMATI BERNARD,1.0
GENESTE JEAN-FRANÃ‡OIS,1.0
GENESTE JEAN-FRANCOIS,1.0
GENG WANG,1.0
GERMANETTI SERGE,1.0
"GERMANN, PETER, 2803 WEYHE, DE",1.0
GHEEWALA JENISH,1.0
GHELAM SAMIR,1.0
GHESQUIERE OLIVIER,1.0
GIGGENBACH DIRK DR,1.0
GILLIS DUNCAN,1.0
GILMAN JORDAN,1.0
GIM GYEONG SUK,1.0
GIMRANOV ROMAN NURIMANOVICH,1.0
GINDULLIN ARTUR IL SHATOVICH,1.0
GJERDRUM DAVID MICHAEL,1.0
GLAZKOV A I,1.0
GLEBOV VLADIMIR VASIL EVICH,1.0
GLEICH PETER,1.0
GLOCKLER ROMAN,1.0
GLUSHCHENKO MIKHAIL JUR EVICH,1.0
GODEL REUVEN,1.0
GOEDERT MICHEL,1.0
GOERNIG THOMAS,1.0
GOESELE HARMUT DIPL ING,1.0
GOLOSHCHAPOV VLADLEN MIKHAJLOVICH,1.0
GOLUBTSOV MAKSIM EVGEN EVICH,1.0
GOMEZ STEPHANE,1.0
GONCHARUK IVAN MIKHAJLOVICH,1.0
GONZALEZ JR JESUS,1.0
GORBACHEV E A,1.0
GORBACHEVA IRINA EHDUARDOVNA,1.0
GORDIENKO ALEKSANDR VIKTOROVICH,1.0
GOSSELINK EUGENE PAUL,1.0
GOUBAULT PHILIPPE,1.0
GOUBET ANTOINE,1.0
GOURLAOUEN KATY,1.0
GOVER AVI,1.0
GRÃœNEWALD JENS,1.0
GRAY STEPHEN,1.0
GREEN AUGUSTUS H,1.0
GREIZERSTEIN PAUL B,1.0
GRIBANOV ALEKSANDR SERGEEVICH,1.0
GRIMAUD ERWAN,1.0
GRIMSDALE JONATHAN,1.0
GROS MICHAEL,1.0
GROVER RICHARD K,1.0
GRUHLE WOLF-DIETER,1.0
GU XIAOHE,1.0
GU YOULIN,1.0
GU ZHENSHENG,1.0
GUANGWEI GAO,1.0
GUANGYAO GU,1.0
GUBIN VLADIMIR IVANOVICH,1.0
GUERIN DAVID,1.0
GUFFANTI MARCO,1.0
GUICE DAVID L,1.0
GUIJIE HAN,1.0
GUILHOT GAUDEFFROY MICHEL,1.0
GUILHOT GAUDEFFROY MICHEL CHAR,1.0
GUILLOTEL PHILIPPE,1.0
GUIZHEN SONG,1.0
GUMMEL ANDREJ ARTUROVICH,1.0
GUNN COLIN,1.0
GUNN COLIN N,1.0
GUNN COLIN N LIGHTBODY SIMON H,1.0
GUO FEI,1.0
GUO HAIKUN,1.0
GUO HONGBIN,1.0
GUO JIE,1.0
GUO LEI,1.0
GUO YUNJIAO,1.0
GUODONG LIANG,1.0
GUOSHAN TANG,1.0
GURAAMU PII UOORISU,1.0
GURKIN VJACHESLAV FEDOROVICH,1.0
GURTOVOJ ARKADIJ IOSIFOVICH,1.0
GUS KOVA G B,1.0
GUSHCHIN KONSTANTIN ALEKSANDROVICH,1.0
GUSTAFSON BO,1.0
GUSTAFSSON DAVID,1.0
GUZZARDI ANDREA,1.0
HADDICK JOHN D,1.0
HADSALL SR RICHARD A,1.0
HAI HU,1.0
HAIBO WANG,1.0
HAIXIA DENG,1.0
HALFBRODT WOLFGANG,1.0
HAMEL MICHAIL JOHN,1.0
HAMILTON JEFFREY A,1.0
HAMMER HELMUT,1.0
HAN JIAMING,1.0
HAN LING,1.0
HAN SHIMING,1.0
HAN SHUYONG,1.0
HAN WEI,1.0
HANBING ZHONG,1.0
HANNAY RICHARD C,1.0
HANSEN JENS HENRIK,1.0
HAO WANG,1.0
HAO XIANWEI,1.0
HAOUAT PATRICK,1.0
HARKINS TOMAS G,1.0
HARPER DENNIS D,1.0
HARRIS PHILIP C,1.0
HARRISON WILBUR ERNEST,1.0
HARTER ANDREW G,1.0
HARTLEY PAUL ROBERT,1.0
HARTMANN DIRK,1.0
HARTWELL PETER G,1.0
HAUMONTE LUC,1.0
HAYASHI TAKASHI,1.0
HAYE JOHANNES DE LA,1.0
HE JUAN,1.0
HE SAIXIAN,1.0
HE XILIANG,1.0
HE YAN,1.0
HE YONG,1.0
HEATH STANLEY J,1.0
HEDONG REN,1.0
HEICK KRISTOPHER,1.0
HEIDEMAN ROBERT,1.0
HEIDRICH FRANCIS,1.0
HEIDRICH FRANCIS ROBERT,1.0
HEIM JEFFREY A,1.0
HEINONEN TERO,1.0
HEINSCHER INGO,1.0
HEINZMANN WERNER,1.0
HELLER MARKUS,1.0
HENDRICKX GUY,1.0
HENG GUI,1.0
HENGST TIMOTHY M,1.0
HENNIGER HENNES,1.0
HEO YOUNG CHUL,1.0
HEPBURN RALPH ROBERTSON,1.0
HEWSON ALEXANDER JAMES,1.0
HICKS JOHN WILBUR,1.0
HICKS WILLIAM,1.0
HIEBL MANFRED,1.0
HINES JOSEPH,1.0
HIOKI KOSUKE,1.0
HIRAMI IKUHIKO,1.0
HIRANO MASAHIKO,1.0
HLADKYKH VOLODYMYR HEORHIIOVYC,1.0
HODGE MALCOLM,1.0
HODGE WILLIAM EUGENE,1.0
HOEPPNER HEINZ JOCHEN,1.0
HOERING FRIEDRICH DR,1.0
HOFMANN FRITZ DIPL ING,1.0
HOGREFE LUEDER,1.0
HOLCOMB JEFFREY W,1.0
HOLLAND JACQUES,1.0
"HONDA, KAZUKI",1.0
HONG SOON YEOL,1.0
HONGBO WANG,1.0
HONGMEI WU,1.0
HONGQING WANG,1.0
HONGSEN LI,1.0
HONGSHENG LI,1.0
HOSSAIN MUSTAQUE,1.0
HOY PATRICK DONALD,1.0
HRECHKA HANNA MYKOLAIVNA,1.0
HU CHANGHUA XIE,1.0
HU WENJIE,1.0
HU XIAOWEI,1.0
HU YIHUA,1.0
HU ZHIHUA,1.0
HUA LIN,1.0
HUAISHI GAO,1.0
HUANG JIAMEI,1.0
HUANG JIAXING,1.0
HUANG KAIHUA,1.0
HUANG PENGJUN,1.0
HUANG ZHIYONG,1.0
HUANG ZHONGYI,1.0
HUDSON THOMAS,1.0
HUDSON WILLIAM B,1.0
HUFFMAN JOHN SINCLAIR,1.0
HUI FAN,1.0
HUIEN ZHAO,1.0
HUILIN ZU,1.0
HUIMEI TAN,1.0
HUIXIN TANG,1.0
HUNTER KAREN PEATRIE,1.0
HURSKAINEN MIKKO,1.0
HURTY MICHEL JEAN,1.0
HUSKAMP CHRISTOPHER S,1.0
HUYSSEUNE JOSEPH,1.0
HWANG IL DOO,1.0
HWANG YUN HA,1.0
HYYPPA JUHA,1.0
ì •ì¢…íƒ,1.0
ì‹ ì„±ì,1.0
ì›ê¸°ì,1.0
ì„±í™”ê,1.0
ì†¡ë¯¼ìš,1.0
"í•˜ì¸, ë¡œì € ì",1.0
"í•˜ì¸, ë°ë ‰ ì",1.0
ì´ì •ë,1.0
ì´ì„ê·œ,1.0
ì´ì§€ì,1.0
ì˜¤ìŠ¹íƒ,1.0
IGLESIAS BELARMINO,1.0
IL IN A S,1.0
INOUE HIDEAKI,1.0
INUBUSHI JUNYA,1.0
ìœ ìŠ¹í,1.0
ISOYAMA SATOSHI,1.0
ISSERSTEDT THORSTEN,1.0
IVAN KIN MIKHAIL ANATOL EVICH,1.0
IVANOV ALEKSANDR ARKAD EVICH,1.0
IVANOV ARKADIJ VASIL EVICH,1.0
IVANOV EVGENIJ VIKTOROVICH,1.0
IVANOV V P,1.0
IVANOVA DAR JA OLEGOVNA,1.0
IVANOVA OL GA ALEKSEEVNA,1.0
IWABUCHI MOKUJITSU,1.0
ìž¥ì¢…íƒœ,1.0
ìµœëŒ€ê·œ,1.0
ìµœì°½ë,1.0
JAAKKOLA ANTTONI,1.0
JACQ EMMANUEL DANIEL MARTIN,1.0
JAGOL NIKOV SERGEJ VASIL EVICH,1.0
JAKOVENKO TARAS VASIL EVICH,1.0
JAKOVLEV ALEKSEJ MIKHAJLOVICH,1.0
JAKOVLEV S P,1.0
JAKOVLEV V N,1.0
JANG IN DONG,1.0
JANKE GERD,1.0
JÃœRSS SVEN,1.0
JAUME DAVID-GEORGES,1.0
JEAN MARGAIN,1.0
JEIRATH NAKUL,1.0
JEONG YONG HA,1.0
JESCHKE DR KLAUS,1.0
JIA ZHIQIANG,1.0
JIAN LIU,1.0
JIAN ZHOU,1.0
JIANG WUGEN,1.0
JIANG ZHEN,1.0
JIANGHUA LAN,1.0
JIANGUO GENG,1.0
JIANGXIONG LI,1.0
JIANHUA SUN,1.0
JIANQUN LIAO,1.0
JIANTING ZHOU,1.0
JIANZHONG SONG,1.0
JIAO PAN,1.0
JIBAO XU,1.0
JIMIN HAN,1.0
JIN BEIBIAO,1.0
JIN HAO,1.0
JIN JUNG HOI,1.0
JIN JUNG KOOK,1.0
JIN YAO,1.0
JIN YOUNG GOO,1.0
JIN YUNHUA,1.0
JIN ZHONGQIAN,1.0
JING SHEN,1.0
JING WANG,1.0
JINGHONG LIU,1.0
JINGJIA LU,1.0
JINGLI XU,1.0
JINLIANG QI,1.0
JINLONG WANG,1.0
JINPING DU,1.0
JINTAO WANG,1.0
JINYAN WANG,1.0
JOEL-YVES MARI,1.0
JOHNSON BRANDON,1.0
JOHNSON GREGORY WALKER,1.0
JOHNSON JEROME DALE,1.0
JOHNSON MARK A,1.0
JOHNSON WILLIAM M,1.0
JONES ANTHONY C,1.0
JORASCH JAMES A,1.0
JOUAN PASCAL,1.0
JUNCHAO CHENG,1.0
JUNG HOE CHUL,1.0
JUNG IN JU,1.0
JUNG JONG TACK,1.0
JUNG MARCUS DR,1.0
JUNG NYUM,1.0
JUNMING ZHANG,1.0
KAARIO JUHA,1.0
KACHKIN M V,1.0
KAI GUO,1.0
KAI KANG,1.0
KAI SHI,1.0
KAIDONG XI,1.0
KAIWU LI,1.0
KAKAULIN NIKOLAJ NIKOLAEVICH,1.0
KALES JOLANDA JACOBA MARIA,1.0
KALININ LEONID VALENTINOVICH,1.0
KALISCH PETER,1.0
KALLAM ANJI REDDY,1.0
KALTSCHMIDT HORST,1.0
KALUGIN MAKSIM IGOREVICH,1.0
KAMANIN V V,1.0
KANDHADAI ANANTHAPADMANABHAN ARASANIPALAI,1.0
KANEHIRA TOKUYUKI,1.0
KANKAINEN VILLE,1.0
KANO SAWAKO,1.0
KARADZHI SERGEJ VJACHESLAVOVICH,1.0
KARE JORDIN T,1.0
KARG JOSEF ING,1.0
KARGOPOL TSEV VLADIMIR ANDREEVICH,1.0
KARIG HORACE E,1.0
KARTASHEV ANATOLIJ BORISOVICH,1.0
KASTNER RAPHAEL,1.0
KATAYANAGI RYOJI,1.0
KATZ NITZAN,1.0
KAVERNYJ ALEKSANDR VLADIMIROVICH,1.0
KEKE BIAN,1.0
KELLOCK PETER ROWAN,1.0
KEMKEMIAN STEPHANE,1.0
KENNA HERMAN ROBERT,1.0
KENST ROLAND,1.0
KERBIRIOU PAUL,1.0
KEREK PAVLYNA MYKHAILIVNA,1.0
KEREK STEPAN STEPANOVYCH,1.0
KERN LYNN R,1.0
KHASIN ERNST,1.0
KHITROV VLADIMIR ANATOL EVICH,1.0
KHIZHA VITALIJ VALENTINOVICH,1.0
KHLOPKIN ARTEM VLADIMIROVICH,1.0
KHODUSOV ALEKSANDR ANATOL EVICH,1.0
KHOLOD SERGEJ VLADIMIROVICH,1.0
KHOMENKOV BORIS DMITRIEVICH,1.0
KHOMYAKOVA IRINA V,1.0
KHOMYKOVA IRINA VLADIMIROVNA,1.0
KIL DEEV RAVIL ISMAILOVICH,1.0
KIM BYEONG JUN,1.0
KIM CHONG SUP,1.0
KIM CHUNG-HAN,1.0
KIM DONG HO,1.0
KIM EUN JEONG,1.0
KIM HAE KEOUNG,1.0
KIM HWANG NAM,1.0
KIM HYE KYUNG,1.0
KIM HYUN CHAN,1.0
KIM IN SOO,1.0
KIM JAE HYUNG,1.0
KIM JAE SUN,1.0
KIM KANG HO,1.0
KIM KI IL,1.0
KIM KI YOON,1.0
KIM MAENG SU,1.0
KIM MIN SEOK,1.0
KIM PAN SOO,1.0
KIM SANG MOON,1.0
KIM SEON MI,1.0
KIM YE RIM,1.0
KINBARA YOSHIHIDE,1.0
KINGSBURY KEITH M,1.0
KINNAIRD ROBERT,1.0
KIRKPATRICK JAMES,1.0
KIRKPATRICK PHILIP L,1.0
KIRST CHRISTOPH,1.0
KISELEV JURIJ MIKHAJLOVICH,1.0
KISELEV VJACHESLAV VLADIMIROVICH,1.0
KLAPTOCZ ADAM,1.0
KLAUSING HELMUT,1.0
KLIKODUEV NIKOLAJ GRIGOR EVICH,1.0
KLIMENKO VLADIMIR ALEKSANDROVICH,1.0
KLIMOVA O V,1.0
KLINGLMAYR JOHANNES,1.0
KLISHINA I I,1.0
"KNABEL, ECKHARD",1.0
KNESE GERD CHRISTIAN,1.0
KNUDSEN JON,1.0
KOCH VOLKER,1.0
KOGAN BORIS IPPOLITOVICH,1.0
KOGELNIK ROMAN,1.0
KOJNASH BORIS VASIL EVICH,1.0
KOLDAEV ALEKSANDR VASILIEVICH,1.0
KOLESINSKIJ LEONID DMITRIEVICH,1.0
KOLESNIK ALEKSEJ VLADIMIROVICH,1.0
KOLUSHOV NIKOLAJ MIKHAJLOVICH,1.0
KOMA HIROKI,1.0
KOMARNITSKIJ OLEG VLADIMIROVICH,1.0
KOMPANTSEVA E V,1.0
KONG MINGMING,1.0
KONJUKHOV GENNADIJ VLADIMIROVICH,1.0
KONSTANTINOVSKIY ALEXANDR,1.0
KOPFSTEDT THOMAS,1.0
KORBEY NICHOLAS JAMES,1.0
KORNBERG BRIAN EDWARD,1.0
KOROBTSEV SERGEJ VLADIMIROVICH,1.0
KORVJAKOV PETR VLADIMIROVICH,1.0
KORZHUEV MICHAIL VADIMOVICH,1.0
KOSIK FRANZ DIPL ING,1.0
KOSTKIN MIKHAIL DMITRIEVICH,1.0
KOSTRUBSKIY EDUARD KARLOVICH,1.0
KOTOV DMITRIJ VASIL EVICH,1.0
KOVAC MIRKO,1.0
KOVACS STEFAN TAR,1.0
KOVALCHUK VOLODYMYR PETROVYCH,1.0
KOVALENKO VOLODYMYR VOLODYMYRO,1.0
KOVALSKYI YURII VOLODYMYROVYCH,1.0
KOVERMANN JAN,1.0
KRAEVSKA OLESIA OLEKSSIVNA,1.0
KRATTENMACHER ROLF,1.0
KRAVCHUK SERGEJ VALENTINOVICH,1.0
KREJZEK PAVEL,1.0
KRESTININ BORIS ALEKSANDROVICH,1.0
KRIEGEL MICHAEL,1.0
KRIVENKOV MIKHAIL VIKTOROVICH,1.0
KRJUCHKOV IGOR VIKTOROVICH,1.0
KRUEGER BERND-WIELAND,1.0
KRUGER REINHARD,1.0
KRUTYAKOV EVGENY N,1.0
KRYVENKO KYRYLO VOLODYMYROVYCH,1.0
KUCHERENKO JURIJ STEFANOVICH,1.0
KUDRJASHOV ALEKSEJ SERGEEVICH,1.0
KUENTZMANN PAUL,1.0
KUHN THOMAS,1.0
KUHNKE JOACHIM,1.0
KUKANKOV SERGEJ NIKOLAEVICH,1.0
KUKANKOV SERGEJ SERGEEVICH,1.0
KUL TIN VIKTOR GEORGIEVICH,1.0
KULHAV MARTIN,1.0
KULHAV ZBYNÄšK,1.0
KULIKOV VLADIMIR EVGEN EVICH,1.0
KULTYGIN EVGENIJ JUR EVICH,1.0
KUNOWSKI JEFF,1.0
KUNOWSKI JON,1.0
KUNTZ JULIAN,1.0
KUNZ JUERGEN,1.0
KURUS NATAL JA V,1.0
KURUS NATALYA VJACHESLAVOVNA,1.0
KURUTS CHRISTOPHER J,1.0
KURUTS JAMES P,1.0
KURYS BARBARA E,1.0
KUSNITZ JOSHUA M,1.0
KUTZMANN AARON J,1.0
KYLE NORMAN A,1.0
KYRYLIV YAROSLAV IVANOVYCH,1.0
L HOSTIS GILDAS,1.0
LACOMME PHILIPPE,1.0
LACROIX PATRICK,1.0
LAFOND ANDRE,1.0
LAKE FREDERICK D,1.0
LAMBERTUS DETLEF,1.0
LAMONT CARL,1.0
LANFREY JEAN-BAPTISTE,1.0
LANG THOMAS G,1.0
LARIONOV VITALIJ ALEKSANDROVICH,1.0
LASUNIN IL JA VLADIMIROVICH,1.0
LASZAKOVITS GERALD FRANK,1.0
LAURENT FABRICE,1.0
LAURILA KARI,1.0
LAVAL-JEANTET REMI,1.0
LAZARJAN G D,1.0
LAZUTIN VLADIMIR ALEKSANDROVICH,1.0
LE TALLEC CLAUDE,1.0
LEBEDENKO SERAFIMA VASIL EVNA,1.0
LECLERC FRANÃ‡OIS,1.0
LEE BONG YONG,1.0
LEE BYUNG CHUL,1.0
LEE CHEONG JU,1.0
LEE CODY JAMES,1.0
LEE HUI YONG,1.0
LEE HYUN JIN,1.0
LEE HYUN WOO,1.0
LEE JAMES D,1.0
LEE JEONG MIN,1.0
LEE JI YEON,1.0
LEE JIN SOO,1.0
LEE JUN WOO,1.0
LEE KAWNG KIL,1.0
LEE KI-SEONG,1.0
LEE KWANG GILL,1.0
LEE MEONG REL,1.0
LEE MIN HEE,1.0
LEE MYEONG LYEOL,1.0
LEE SAMUEL,1.0
LEE SANG WOON,1.0
LEE SO YOUNG,1.0
LEE SOO MIN,1.0
LEE SUK KYU,1.0
LEGIGAN SAMUEL,1.0
LEHMANN BENJAMIN,1.0
LEI WUHU,1.0
LEI ZHANG,1.0
LEICHTER GENEVIEVE,1.0
LEIRAS CARLOS,1.0
LELUSZ JERZY,1.0
LENY MARC,1.0
LEONOV A G,1.0
LESLIE MICHAEL,1.0
LESTIEUX SÃ‰BASTIEN,1.0
LEVAUFRE RÃ‰GIS,1.0
LEVIN MARK ZELIGOVICH,1.0
LEVIN VIKTOR SERGEEVICH,1.0
LEVISHCHEV OLEG NIKOLAEVICH,1.0
LI BIN,1.0
LI BING-CHANG,1.0
LI BINYANG,1.0
LI BO,1.0
LI CHANGJUN,1.0
LI CUNYUE,1.0
LI FULONG,1.0
LI FUQI,1.0
LI GANG,1.0
LI HUA,1.0
LI JILIAN,1.0
LI JUNXIA,1.0
LI LE,1.0
LI LING,1.0
LI MAOHAI,1.0
LI MING,1.0
LI PEI,1.0
LI PENGFEI,1.0
LI PINGNAN,1.0
LI QI,1.0
LI RENFU,1.0
LI WEIQI,1.0
LI XIAOFEI,1.0
LI XIAOXIA,1.0
LI YANG,1.0
LI YONGLIANG,1.0
LI YOU-MIAN,1.0
LI YOUZHI,1.0
LI YU,1.0
LI YUQI,1.0
LI ZHANG,1.0
LIANFANG ZHOU,1.0
LIANG JIAN,1.0
LIANG SHIKUI,1.0
LIANG XINYU,1.0
LIANG ZHIDA,1.0
LIAO HUALONG,1.0
LIAO QING,1.0
LIBERMAN BARNET,1.0
LIHUI ZHANG,1.0
LIJUN CAO,1.0
LIM BEN J,1.0
LINDSTAEDT KLAUS,1.0
LINGAFELT CHARLES STEVEN,1.0
LINNIKOV M V,1.0
LINSE JASON N,1.0
LIQUAN LIAN,1.0
LIU CHUANQIN,1.0
LIU FEI,1.0
LIU GUOFENG,1.0
LIU HAO,1.0
LIU HONGXING,1.0
LIU JIAFENG,1.0
LIU JINSHENG,1.0
LIU MIAO-CHUAN,1.0
LIU MIN,1.0
LIU PENGFEI,1.0
LIU QIFENG,1.0
LIU QIYU,1.0
LIU QUANBAO,1.0
LIU RONGHAI,1.0
LIU SHIZHAO,1.0
LIU TONGXIAN,1.0
LIU XIYUN,1.0
LIU YUHAI,1.0
LIU ZHE-CHENG,1.0
LIU ZHIGUANG,1.0
LIU ZHILONG,1.0
LIXIANG WANG,1.0
LIZHONG XU,1.0
LOCK STEVEN,1.0
LOHRAY VIDYA BHUSHAN,1.0
LOHSE ROBERT MICHAEL,1.0
LOPER MILTON H III,1.0
LOPEZ KERMIT D,1.0
LOUVET PATRICK,1.0
LU DAOCHANG,1.0
LU WANG,1.0
LU XIAOPING,1.0
LU YING-KO,1.0
LUCCIONI MARC,1.0
LUDWIG LESTER FRANK,1.0
LUEKEWILLE HEINRICH,1.0
LUNGU GHEORGHE IULIU,1.0
LUO DUANHONG,1.0
LUO SHUDONG,1.0
LUO YANG,1.0
LUPENG YOU,1.0
LUSHIN STANISLAV VIKTOROVICH,1.0
LUTKE KEVIN R,1.0
LV JUNWEI,1.0
LYDON PATRICK M,1.0
LYONS BRETT I,1.0
MA FANGLI,1.0
MA GAOYANG,1.0
MA HONGWEI,1.0
MA LEI,1.0
MA SHE,1.0
MA SHUQING,1.0
MA XUEMEI,1.0
MA ZHENKUN,1.0
MACHUGH WILL LEE,1.0
MACMURCHIE DAVID MURRAY,1.0
MADIER LUDOVIC,1.0
MAEDA TAKUYA,1.0
MAIA ROLAND,1.0
MAIER FRANZ,1.0
MAIER NICHOLAS M,1.0
MAIER WOLFGANG,1.0
MAJAKIN VLADIMIR VLADIMIROVICH,1.0
MAJOROV BORIS GENNAD EVICH,1.0
MAKARCHUM MAKSYM MYKHAILOVYCH,1.0
MAKHNIN ANDREJ VLADIMIROVICH,1.0
MAKOFSKY STEVEN,1.0
MAKOVSKIJ ALEKSANDR ANATOL EVICH,1.0
MAKOVSKIJ ANATOLIJ PETROVICH,1.0
MAKROPOULOS RIGAS,1.0
MAKSIMOVA MARINA N,1.0
MALANCHINI ILARIA,1.0
MALBURET FRANCOIS,1.0
MALLOY CHRISTOPHER JOHN,1.0
MALOV MAKSIM JUR EVICH,1.0
MALOV YURY IVANOVICH,1.0
MANEA STEFAN,1.0
MANGIAT ALAIN ANTHONY,1.0
MANOCK JERROLD C,1.0
MARDINI CHRISTIAN,1.0
MARGOLIN MARK,1.0
MARKUS WOLFGANG,1.0
MAROVETS JACK L,1.0
MÃRQUEZ SÃNCHEZ MARCO ANTONIO,1.0
MARRAUD DENIS,1.0
MARRESE CARL A,1.0
MARTINKAT NORBERT,1.0
MARTY NICOLAS,1.0
MARYNICH ALEKSANDR PAVLOVICH,1.0
MARYNICH OL GA ALEKSANDROVNA,1.0
MASSENET NICOLAS,1.0
MASTICOLA STEPHEN P,1.0
MATHEIS ANTON,1.0
MATIICHUK MYKHAILO PETROVYCH,1.0
MATTHIAS SCHMIDT,1.0
MATTILA VILLE-VEIKKO,1.0
MAUPOINT CEDRIC,1.0
MAUREL DOMINIQUE,1.0
MAURICE THOMAS,1.0
MAYORDOMO IKER,1.0
MAZZARELLA JOSEPH R,1.0
MCBRIDE KEVIN M,1.0
MCCLUNG III GUY L,1.0
MCCOLLUM JORDAN,1.0
MCDONNELL WILLIAM R,1.0
MCGEORGE JEFFREY BRUCE,1.0
MCLEAN IAN R,1.0
MCMANUS JOHN,1.0
MCNEILL CAMPBELL,1.0
MCNULTY BRIAN P,1.0
MCWILLIAM RICHARD D,1.0
MECHERNICH SILKE D,1.0
MEHLTRETTER LUDWIG,1.0
MEI TIANCAN,1.0
MEJÃAS BORRERO ANDRÃ‰S,1.0
MELIKOVA JULIJA NIKOLAEVNA,1.0
MEN LISHAN,1.0
MENG XIE,1.0
MERKULOV VLADIMIR IVANOVICH,1.0
MERLIOT ERICK,1.0
MERRIMAN GREGORY H,1.0
MESSMER LUDWIG,1.0
METEL SKIJ ANATOLIJ ALEKSANDROVICH,1.0
MEYER GEORGES,1.0
MEYER RYAN,1.0
MIAO HONGBAO,1.0
MIAO YONG,1.0
MICKLEY JOSEPH G,1.0
MIDZJANOVSKIJ STANISLAV PETROVICH,1.0
MIELE ROBERT GORDON,1.0
MIHAESCU GHEORGHE,1.0
MIKHAEL RAMY,1.0
MIKHAJLEV VASILIJ TIKHONOVICH,1.0
MIKHNENKO YEVHEN OLEKSANDROVYC,1.0
MIKROS IOANNIS GEORGIOU,1.0
MILIÄ†EVIÄ† IVAN,1.0
MING CHEN,1.0
MING DAI,1.0
MINGXIAN LIU,1.0
MISCHEL CHARLES,1.0
MITROFOVICH VIKTOR VLADIMIROVICH,1.0
MITSUKAZU KUZE,1.0
MIYAZAKI MASAHIRO,1.0
MIZUGUCHI TOMOHIRO,1.0
MO WEIQUAN,1.0
MODJAEVA VERA DMITRIEVNA,1.0
MOGENSEN KRISTIAN,1.0
MOISEEV OLEG NIKOLAEVICH,1.0
MOK MOO-KYUN,1.0
MOLLET NICOLAS,1.0
MONCRIEF RICK L,1.0
MOOLENIJZER NICOLAAS J,1.0
MOON JUNG HO,1.0
MOORE JEFFREY ALLEN,1.0
MOR ROJ,1.0
MORARU IONUT,1.0
MOREAU DOMINIQUE,1.0
MORENKO ELENA ALEKSANDROVNA,1.0
MORETTI SANDRO,1.0
MORGAN DWIGHT M,1.0
MORIARTY ROBERT M,1.0
MORIN CHRISTOPHE,1.0
MORLIER JOHN MICHAEL,1.0
MORRIS JAMES O,1.0
MORSE DANIEL J,1.0
MORUZZIS MICHEL,1.0
MORZHIN ALEKSANDR MIKHAJLOVICH,1.0
MORZHIN ALEKSANDR MIKHAYLOVICH,1.0
MOSCHETTA JEAN-MARC,1.0
MOTH RICHARD,1.0
MOU SHANFENG,1.0
MOVCHAN KONSTANTIN NIKOLAEVICH,1.0
MOXON THOMAS,1.0
MOYLE SEAN,1.0
MUHN HANS-PETER,1.0
MUKHAMETZJANOVA AL BINA ILDAROVNA,1.0
MULIAVKO NADIIA OLEKSIIVNA,1.0
MURAI YOSHIYUKI,1.0
MURPHY JOSEPH M,1.0
MUSTAFIN RAMIL GAMILOVICH,1.0
MUTO YASUTAKA,1.0
MUTZEL CHRIS,1.0
MYHRVOLD NATHAN P,1.0
MYROVA LJUDMILA OSHEROVNA,1.0
"NA",1.0
NADERHIRN MICHAEL,1.0
NADGIR AVANTI,1.0
NAIEN ZHOU,1.0
NAKAHATA MITSUAKI,1.0
NAKAJIMA YUICHI,1.0
NAKAMURA MASARU,1.0
NAKATA TADASHI,1.0
NAM BYUNG HEE,1.0
NARAYANAREDDY JAGANNATHA,1.0
NEFEDOV SERGEJ IGOREVICH,1.0
NEMIROVSKIJ BORIS VLADIMIROVICH,1.0
NEMZER ALEKSANDR IL ICH,1.0
NESPOULOUS CHARLES,1.0
NETT JUERGEN HERMANN,1.0
NEVZOROV JURIJ VITAL EVICH,1.0
NEWMAN DAVID L,1.0
NG BOON C,1.0
NGO SON,1.0
NICHOLS GEORGE,1.0
NICOLLE GUILLAUME EMMANUEL MARIE,1.0
NIEDERMEYER BRIAN J,1.0
NIELSEN ROBERT A,1.0
NIESL GEORG,1.0
NIGRON PASCAL,1.0
NIKAM SHAM,1.0
NIKIFOROV PAVEL NIKOLAEVICH,1.0
NILI TIZIANO,1.0
NILOV VIKTOR ALEKSANDROVICH,1.0
NIU WEIBO,1.0
NIU YUEXU,1.0
NIZAMOV RAMZI NIZAMOVICH,1.0
NORTRUP EDWARD H,1.0
NORTRUP ROBERT J,1.0
NOSYK NATALIA IVANIVNA,1.0
NOUVEL MYRIAM,1.0
NOVIKOV VLADIMIR DMITRIEVICH,1.0
NOWAK THORSTEN,1.0
NOWER DANIEL L,1.0
NUGENT MARK R,1.0
NUNES BRENDON,1.0
NUSSBAUM MICHAEL B,1.0
O'BRIEN JR WILLIAM,1.0
O'CONNOR MARTIN EMORY,1.0
O'NEIL VINCENT M,1.0
O'ROURKE JACK,1.0
OANCEA FLORIN,1.0
OBKIRCHER BERNT,1.0
OGAWA HAJIME,1.0
OH IN SEON,1.0
OHASHI KIYOSHI,1.0
OKADA ASAHIKO,1.0
OKOROKOV JURIJ ARKAD EVICH,1.0
OKUNEV YURI,1.0
OLIINICHUK SERHII TYMOFIIOVYCH,1.0
OLSEN OLE INGEMANN,1.0
ONIN ALEKSANDR JUR EVICH,1.0
ORTIZ LUIS M,1.0
ORTLEPP PETER,1.0
OSOKIN VASILIJ VIKTOROVICH,1.0
OSTAPENKO OLEG NIKOLAEVICH,1.0
OSTERGAARD JENS,1.0
OSTERHOUT RALPH F,1.0
OSTROUKHOV STANISLAV PAVLOVICH,1.0
OTANI SEIJI,1.0
OTTO STEPHAN,1.0
OU SUN OK,1.0
OVCHAROV ALEKSANDR PETROVICH,1.0
OVCHINNIKOV JURIJ SERGEEVICH,1.0
OVSJANNIKOV JURIJ SERGEEVICH,1.0
OZAWA HIROKI,1.0
OZERSKAJA OL GA SERGEEVNA,1.0
PAFFRATH DIETER,1.0
PAGE ALAIN,1.0
PALLIER PIERRE-YVES,1.0
PAMULA VAMSEE,1.0
PAN HONGDA,1.0
PAN JAN-JUE,1.0
PANOPOULOS PETER J,1.0
PANOV ALEKSEJ VIKTOROVICH,1.0
PANYAM SAI,1.0
PARDELL RICARD,1.0
PARK BYEONG SEON,1.0
PARK CHAN HYUEON,1.0
PARK EUI SUN,1.0
PARK SUNG HOON,1.0
PARK YONG-HUNG,1.0
PAUCHARD DANIEL,1.0
PAULMANN GREGOR,1.0
PAVLENKO ALEKSANDR ALEKSEEVICH,1.0
PAVLICH JANE C,1.0
PAVLOVETS GENNADIJ ANDREEVICH,1.0
PEARMAN STEVEN,1.0
PEI ZHENG,1.0
PELZER HELMUT,1.0
PENG BIN,1.0
PENG SHUANG,1.0
PENG TAO,1.0
PENG WENJUN,1.0
PEREJASLOV ALEKSANDR NIKOLAEVI,1.0
PEREVERZEVA VALERIJA NIKOLAEVNA,1.0
PERLIN KENNETH,1.0
PERNG CHANG-SHING,1.0
PEROLD ADAM,1.0
PETRIE WILLIAM FRANCIS,1.0
PETROV ANDREJ BORISOVICH,1.0
PETROV INOKENTIJ PETROVICH,1.0
PETROVA ELENA VLADIMIROVNA,1.0
PETROVIÄ† DALIBOR DR,1.0
PETTERSSON DANIEL,1.0
PIAO SHENGYI,1.0
PICHL ROLAND,1.0
PICHUGIN SERGEJ ALEKSANDROVICH,1.0
PIERCE MARK STEPHEN,1.0
PIGANEAU NICOLAS,1.0
PIGOUCHE OLIVIER,1.0
PIKIN VADIM ANATOL EVICH,1.0
PILLAI UNNIKRISHNA SREEDHARAN,1.0
PINGALI HARIKISHORE,1.0
PINGAN MA,1.0
PINGAN XIE,1.0
PINHEIRO JEAN PHILIPPE,1.0
PIROZHKOV ANDREJ ALEKSEEVICH,1.0
PISARENKO NATAL JA ALEKSANDROVNA,1.0
PLATONOV VIKTOR GEORGIEVICH,1.0
PLETTNER ERIKA,1.0
POCHON BENOIT,1.0
PODKIDOV VALERIJ VIKTOROVICH,1.0
PODKOLZIN VASILIJ GRIGOR EVICH,1.0
PODLUZHNYJ VIKTOR VIKTOROVICH,1.0
POGODAEV ALEKSEJ VLADIMIROVICH,1.0
"POHL, KLAUS-JUERGEN",1.0
POKROVSKIJ MIKHAIL VLADIMIROVICH,1.0
POLING DAVID G,1.0
POLISCHUK VIKTOR PETROVYCH,1.0
POLLACK MICHAEL,1.0
POLLIN GUILLAUME,1.0
POLUNIN SERGEJ PAVLOVICH,1.0
PONOMAREV OLEG VIKTOROVICH,1.0
PONOMAREV V A,1.0
PONOMAREVA MARIJA EVGEN EVNA,1.0
POPOV VIKTOR ALEKSANDROVICH,1.0
POPOV VIKTOR JUR EVICH,1.0
POPOVA IRINA BORISOVNA,1.0
POPOVICH ALEKSANDR MAKSIMILIANOVICH,1.0
POPRAVKO SERGEJ ALEKSEEVICH,1.0
POREMBSKIJ VLADIMIR IGOREVICH,1.0
POSSIDENTE DOMINIQUE,1.0
POSTEL JEAN-JACQUES,1.0
POTENTAS WOJCIECH,1.0
POTERJAKHIN JURIJ PETROVICH,1.0
POULAIN JEAN-LOUIS,1.0
POWELL FRANCIS R,1.0
POWELL KEVIN JAMES,1.0
POWNELL JAMES E,1.0
PREECE WILLIAM B,1.0
PREVOT FRANCOIS,1.0
PRIKHOD KO V V,1.0
PRIPADCHEV ALEKSANDR DMITRIEVICH,1.0
PRISACARU ANCA IRINA,1.0
PROKHODA IRINA ALEKSEEVNA,1.0
PROKHORENKO ANNA VASIL EVNA,1.0
PROKHOROV MIKHAIL D,1.0
PROUTEAU JACKIE,1.0
PRUDNIKOV EVGENIJ ALEKSEEVICH,1.0
PRUSS JULIEN,1.0
PU HUANGZHONG,1.0
PUGACHEV JURIJ NIKOLAEVICH,1.0
PUJO ANTOINE,1.0
QI HUI,1.0
QI ZHOU,1.0
QIAN SHAOMING,1.0
QIAN ZHIMING,1.0
QIANG LI,1.0
QIAO RUI,1.0
QIENI LU,1.0
QIN YUAN,1.0
QING WANG,1.0
QINGGUO TIAN,1.0
QINYAN PAN,1.0
QIU DAOYIN,1.0
QIU XUYANG,1.0
QIXIANG ZHANG,1.0
QUAN WUXIAN,1.0
QUELLETTE RICHARD P,1.0
QUERRY STEPHANE LUC SABASTIEN,1.0
RADCHENKO LARISA GRIGOREVNA,1.0
RAFFERTY MICHAEL FRANCIS,1.0
RAMACHANDRAN JANAKIRAMAN,1.0
RAMANUJAM RAJAGOPALAN,1.0
RAMOLET RENO,1.0
RAMSEY GORDON PAUL,1.0
RAPHAEL THOMAS,1.0
RASMUSSEN STELLA RUDKAER,1.0
RATHGEB ANDREAS,1.0
RAVN CARSTEN,1.0
RÃŽNEA TIBERIU EMIL ILIE,1.0
RECHAIN BRUNO,1.0
REEDMAN IVAN,1.0
REES FRANK L,1.0
REGIS MURIEL,1.0
REITEBUCH SEBASTIAN,1.0
REN ZEMING,1.0
RENPEI YAO,1.0
RICHARDS AUSTIN A,1.0
RICHTER RALF,1.0
RIGAUD VINCENT,1.0
ROBIN MICHEL,1.0
ROBUFFO GIORDANO PAOLO,1.0
ROELL WILFRIED,1.0
ROGATNEV VLADIMIR PETROVICH,1.0
ROMMEL JEAN LOUIS,1.0
RONGFENG NIE,1.0
ROSALES SARAHI MELENDEZ,1.0
ROSE JAMES W,1.0
ROSEN ALFRED,1.0
ROSEN BRETT,1.0
ROSENBERG ILYA,1.0
ROSS GEOFFREY ALLAN,1.0
ROSS-CLARKE TYLER ANDREW,1.0
ROSSI GUGLIELMO,1.0
ROSTOPCHIN VLADIMIR VASIL EVICH,1.0
ROTHSCHILD PETER,1.0
ROUSSILHON VINCENT,1.0
ROWE GERALD,1.0
RUAN JIAWEI,1.0
RUCHIJ O S,1.0
RUDOLF KARL,1.0
RUEGER RODERICH,1.0
RUFFIER FRANCK,1.0
RUFFO MASSIMILIANO,1.0
RUI SHENG,1.0
RUIFENG BAI,1.0
RUIS JEAN-PIERRE,1.0
RUNGE HARTMUT DIPL-ING,1.0
RUPASOV K I,1.0
RUSSKIN ALEKSEJ VITAL EVICH,1.0
RUTHER MICHAEL,1.0
RUXIAN LIN,1.0
RYBALCHENKO OLEKSANDR SERHIIOVYCH,1.0
RYBKIN IGOR SEMENOVICH,1.0
RYOJI KONDO HIROKI HABUCHI,1.0
RYU JEI MAN,1.0
RYU WON,1.0
SABA SAMER,1.0
SADASIVAM SIVA SAKTHIVEL,1.0
SAGGIO FRANK III,1.0
SAHYOUN JOSEPH YAACOUB,1.0
"SAIKI, SYUJI",1.0
SAITO MASAAKI,1.0
SAITO TERUBUMI,1.0
SAKAKI NOBUO,1.0
SAKAL SKIJ ALEKSANDR VIKTOROVICH,1.0
SALUSHCHEVA M S,1.0
SAMUELS JOHN ANDREW,1.0
SÃNCHEZ HERRERA MARÃA REYES,1.0
SANCHEZ MICKAEL,1.0
SANT ANSELMO ROBERT,1.0
SANTANGELO GIUSEPPE,1.0
SANTEL HANS-JOACHIM,1.0
SAPP WILLIAM W JR,1.0
"SATO, KAZUE",1.0
SATOH ATSUSHI,1.0
SAUTET JEAN-YVES,1.0
SAVCHENKO ANATOLIJ VASIL EVICH,1.0
SAVCHENKO MAKSIM ANATOL EVICH,1.0
SAVIN V N,1.0
SAVINA NATAL JA ANATOL EVNA,1.0
SAVYN VIACHESLAV MYKOLAIOVYCH,1.0
SAWAKO KANO,1.0
SAWYER CORY LEE,1.0
SCHAER ANDRÃ,1.0
SCHÃœBELER DANIEL,1.0
"SCHAPER, HERMANN",1.0
SCHECHTER AMIR,1.0
SCHENHER FREDERIC,1.0
SCHER HERBERT BENSON,1.0
SCHEUFELD ANDRE,1.0
SCHEUREN BERNHARD,1.0
SCHIEBEL HANS-GEORG,1.0
SCHLIETER HEIKO,1.0
SCHNAAS JUERGEN,1.0
SCHOBER ROBERT,1.0
SCHOELLKOPF KLAUS,1.0
SCHOEPPEL WOLFGANG G,1.0
SCHOTT WAYNE M,1.0
SCHRUNK III ROBERT R,1.0
SCHUBERT JEFFREY,1.0
SCHUELLER RICHARD,1.0
SCHULZE MAX,1.0
SCHUMACHER OLIVER,1.0
SCHWEDE WOLFGANG,1.0
SCOFIELD CHRISTOPHER L,1.0
SEDLIK SCOTT,1.0
SEELYE AARON ROBERT,1.0
SEIBEL FLORIAN,1.0
SELEZNEV ANTON EVGEN EVICH,1.0
SELMON JOHN RICHARD,1.0
SEMAEV A N,1.0
SEMENENKO JURIJ NIKOLAEVICH,1.0
SEMENOV ALEKSANDR NIKOLAEVICH,1.0
SEMENOV VIKTOR LEONIDOVICH,1.0
SEO JOON HO,1.0
SEVILLA CHRISTOPHER,1.0
SHA MIN,1.0
SHAJAKHMETOVA GJUZEL ZAVILEVNA,1.0
SHAKHKEL DJAN PETR NERSESOVICH,1.0
SHAN CHEN,1.0
SHAN HONGMEI,1.0
SHAN HONGYING,1.0
SHANGFA CHEN,1.0
SHAO DEPO,1.0
SHAO GANG,1.0
SHAOKE LOU,1.0
SHAROV DMITRIJ VLADIMIROVICH,1.0
SHAVIT GIL,1.0
SHCHERBAKOV ALEKSANDR VALENTINOVICH,1.0
SHEN YAN,1.0
SHENDEROV ALEXANDER,1.0
SHENG XIAO,1.0
SHENGLU CHEN,1.0
SHEPILOV ALEKSANDR MIKHAJLOVICH,1.0
SHEVCHENKO A M,1.0
SHI LEI,1.0
SHI WEI,1.0
SHIBAEV BORIS IVANOVICH,1.0
SHIH YANHUA,1.0
SHIMIZU TAKESHI,1.0
SHIN IL HONG,1.0
SHIOZAWA YASUO,1.0
SHISHKOV VJACHESLAV ALEKSANDROVICH,1.0
SHMORGUN ALEKSANDR SHMULEVICH,1.0
SHOEMAKE MATTHEW B,1.0
SHORE MICHAEL,1.0
SHTRAMBRAND VLADIMIR IL ICH,1.0
SHUANGJIN DAI,1.0
SHUCKER BRIAN DANIEL,1.0
SHUGONG XUE,1.0
SHUJI SAIKI,1.0
SHUMIN MA,1.0
SHUMOV ANDREJ VALER EVICH,1.0
SHUO LIN,1.0
SHUO TANG,1.0
SHUZENG CHEN,1.0
SHUZHI LI,1.0
SHVEDCHENKO NIKOLAJ NIKOLAEVICH,1.0
SHVEDOV VLADIMIR TARASOVICH,1.0
SIDOROV VLADIMIR ALEKSEEVICH,1.0
SIEBERT RAINER,1.0
SIEBOLD MANFRED,1.0
SIEGEL ROBERT S,1.0
SIHAO CHEN,1.0
SILAKOV VADIM ROMANOVICH,1.0
SILIN JURIJ SERGEEVICH,1.0
SIMON FABIEN,1.0
SIMONET DIDIER,1.0
SINANIS JOHN M,1.0
SING ROBERT L,1.0
SINGER MARTIN H,1.0
SIROTIN VALERIJ NIKOLAEVICH,1.0
SIROTKINA T B,1.0
SISK DAVID ALLEN,1.0
SIZONENKO ROMAN VADIMOVICH,1.0
SIZOVA ANASTASIJA ALEKSANDROVNA,1.0
SKIPA MYKHAILO IVANOVYCH,1.0
SKONIECZNA-ZAWILSKA LUCJA,1.0
SKRIPKA MARIJA DMITRIEVNA,1.0
SKRIPKIN VALENTIN SERGEEVICH,1.0
SKURIDIN ALEKSEJ ALEKSEEVICH,1.0
SLENKER KIRK A,1.0
SLJUN KOVA T E,1.0
SMAOUI HICHEM,1.0
SMID GERT EDZKO,1.0
SMIRNOV IGOR MIKHAJLOVICH,1.0
SMIRNOV PAVEL LEONIDOVICH,1.0
SMIRNOV VALENTIN PETROVICH,1.0
SMIRNOV VLADIMIR ALEKSANDROVICH,1.0
SMIRNOV VLADIMIR NESTEROVICH,1.0
SMITH DELIA J,1.0
SMITH DUNCAN,1.0
SMITH JAMES VANN,1.0
SMITH JR SIDNEY KENNETH,1.0
SMITH MIKE RICHARD JOHN,1.0
SOEDA YUKIO,1.0
SONG HONGTAO,1.0
SONG SHUBIN,1.0
SONG YUCHENG,1.0
SONGKUN SU,1.0
SONKUSALE SAMEER,1.0
SONNEMANN FRANK,1.0
SORIN JEAN-LUC,1.0
SOROKER VICTORIA,1.0
SOSKOV DMITRIJ JUR EVICH,1.0
SOULIGNAC MICHAEL,1.0
SPEL NIKOV IGOR IVANOVICH,1.0
SPIVAK MARLA,1.0
SRINIVASAN ARUN,1.0
SRINIVASAN VIJAY,1.0
STAINES GEOFFREY,1.0
STARTSEV VLADIMIR JUR EVICH,1.0
STAUDENMAIER GERD,1.0
STEINWANDEL JURGEN,1.0
STEPANJUK IVAN ANTONOVICH,1.0
STESSEN LOTHAR DR,1.0
STEVEN LAWRENCE FERNANDES,1.0
STINSON BRAD J,1.0
STITT RAYMOND M,1.0
STONE JEFFREY JAY,1.0
STORET ISABELLE,1.0
STRAHAN GARY EUGENE,1.0
STRAND JOHN,1.0
STRATMOEN SCOTT ALAN,1.0
STRICKLAND THEODORE R,1.0
STROHACKER FRED M,1.0
STRUKOV VILLORIJ I,1.0
STUCKMAN BRUCE E,1.0
STUCKMAN JUDITH LYNN,1.0
STUCKMAN KATHERINE C,1.0
STUMPF JOHN,1.0
STURZEL MARC,1.0
SU JIAN,1.0
SU SONGKUN CAI,1.0
SUENAGA YUICHIRO,1.0
SUKONKINA TAT JANA IVANOVNA,1.0
SULLIVAN NICHOLAS M,1.0
SULTANOV NAIL ZAKIEVICH,1.0
SUN DUJUAN,1.0
SUN FENGGUI,1.0
SUN JIAN,1.0
SUN JIANDU,1.0
SUN JIANGUANG,1.0
SUN KAIMING,1.0
SUN LIYING,1.0
SUN SHINIAN,1.0
SUN XIAOFANG,1.0
SUN YIMING,1.0
SUNG HWA KYOUNG,1.0
SUSHENG WEI,1.0
SUSTIN SERGEJ ALEKSANDROVICH,1.0
SUZANSKIJ DMITRIJ NIKOLAEVICH,1.0
SUZUKI KUNIO,1.0
SUZUKI SHIGEKO,1.0
SVISTUNOV SERGEJ VLADIMIROVICH,1.0
SVY KOSAL,1.0
SYCHEV STANISLAV IGOREVICH,1.0
SYZDYKOV ELTUGAN KIMASHEVICH,1.0
TAIHE LIU,1.0
TAILLIBERT PATRICK,1.0
TAK BYUNG CHUL,1.0
TALALAEV ALEKSANDR BORISOVICH,1.0
TAMBOISE GUILLAUME DANIEL,1.0
TAN JIUBIN AO,1.0
TANAKA HIDEKAZU,1.0
TANEDA ATSUSHI,1.0
TANG CHUNQIANG,1.0
TANG JIN,1.0
TANOY KUMAR PAUL,1.0
TAO JUNHAI,1.0
TAO SHUNBI,1.0
TAO XU,1.0
TAO YUEYANG,1.0
TARASENKO MIKHAIL MIKHAJLOVICH,1.0
TARASOV VLADIMIR IL ICH,1.0
TARTARINI GIAN LUCA,1.0
TASSIN BRUNO,1.0
TATARENKOV KONSTANTIN VIKTOROVICH,1.0
TAYLOR JR LELAND HARRIS,1.0
TAYLOR LELAND HARRIS JR,1.0
TAYLOR ROBERT M,1.0
TEDESCO DANIEL E,1.0
TEIXEIRA JAY N,1.0
TENBERGEN MARTIN,1.0
TERENT EV ANDREJ VIKTOROVICH,1.0
TERRELL RUFUS LARRY,1.0
TESLJA I D,1.0
TETJUSHEV MIKHAIL ALEKSANDROVICH,1.0
THAYALAKHANDAN NAGAMANY,1.0
THERRIEN DAVID G,1.0
THIEFFRY PHILIPPE,1.0
THIPYOPAS CHINNAPAT,1.0
THIRIOT ANDRÃ‰ GEORGES JOSEPH,1.0
THOMAS CHRISTIAN,1.0
THOMAS MICHAEL ROBERT,1.0
THOMPSON JAMES N,1.0
THURNER GUENTHER DR,1.0
THWAR PRASANNA,1.0
THYER JONATHAN,1.0
TIAN DING,1.0
TIMME MARC,1.0
TIMOFEEV OLEG JAKOVLEVICH,1.0
TJOENG FOE S,1.0
TKACHIK ROMAN OLEGOVICH,1.0
TODASCO MICHAEL,1.0
TODOSEJCHUK SERGEJ PAVLOVICH,1.0
TOLBINA GALINA A,1.0
TOLOKONNIKOV VASILIJ PETROVICH,1.0
TOLPEGIN OLEG ALEKSANDROVICH,1.0
TOMINAGA TOMOKAZU,1.0
TONG YELING,1.0
TONG YUETANG,1.0
TONGHAI GAO,1.0
TOSHIYUKI MATSUMURA,1.0
TOUATI ROLAND,1.0
TOURET MARC,1.0
TOWNSEND CHRISTOPHER PRUYN,1.0
TOYODA MASASHI,1.0
TRANAPP NORBERT,1.0
TRAPANI SAM,1.0
TRAPANI SAMUEL RICHARD,1.0
TRAVELBEE CHARLES BRIAN,1.0
TREMBLAIS ANTHONY,1.0
TREMBLAY MARCEL,1.0
TRET JAKOV VLADIMIR FEDOROVICH,1.0
TREW BRANDON KYLE,1.0
TRIFONOV ALEKSANDR KONSTANTINOVICH,1.0
TRIFONOV VIACHESLAV NICOLAEVICH,1.0
TRIFONOV VJACHESLAV N,1.0
TRINH TOAN,1.0
TROFIMCHUK STEPAN D,1.0
TROUCHET DANIEL,1.0
TRUB MIKHAIL SEMENOVICH,1.0
TRUCHET HENRI LOUIS,1.0
TRUOEL RAINER,1.0
TSAPENKO YULIA PAVLIVNA,1.0
TSAREV V P,1.0
TSARIK OLEG VLADIMIROVICH,1.0
TSIVILEV SERGEY VIKTOROVICH,1.0
TSUJI HIROKI,1.0
TUKHFATULLOV MARSEL ZAVDATOVICH,1.0
TULEV JU V,1.0
TULEVA N P,1.0
TULLEY STEPHEN C,1.0
TULLY GRAHAM PHILLIP,1.0
TURBE BENOIT,1.0
TWITCHELL JR ROBERT W,1.0
TYKHONOV OLEKSANDR IVANOVYCH,1.0
TZIDON DEKEL,1.0
UEBERGANG COLIN,1.0
UEMOTO KAZUHIKO,1.0
UGAWA SHOHACHI,1.0
ULANOV MIKHAIL VALER EVICH,1.0
UM KEY AN,1.0
UM YO HAN,1.0
VACCARO RICHARD,1.0
VAILLANT ARNAUD,1.0
VAKINA TATIANA NIKOLAEVNA,1.0
VAL DMAN NIKOLAJ ALEKSANDROVICH,1.0
VAN SICKLE JAN LEE,1.0
VANDERSPEK ADRIAN,1.0
VANGKEOSAY ALOUN,1.0
VASIL EV NIKOLAJ ANATOL EVICH,1.0
VASILENKO JU K,1.0
VASJUK VIKTOR ALEKSEEVICH,1.0
VERANTH JOSEPH L,1.0
VERBA VLADIMIR STEPANOVICH,1.0
VERESHCHAGIN ANATOLIJ NIKOLAEVICH,1.0
VERGEJCHIK T KH,1.0
VERGELIS NIKOLAJ IVANOVICH,1.0
VERGNE JEAN-PHILIPPE,1.0
VERMETTE PAUL J,1.0
VERMEULEN KOERT,1.0
VERNA ANTHONY,1.0
VERSTEIRT VEERLE,1.0
VIDOLOV BORIS,1.0
VIERTEL CHRISTIAN,1.0
VINAY V KABADI,1.0
VISHNJAKOV SERGEJ MIKHAJLOVICH,1.0
VISSIERE DAVID,1.0
VOEGTLIN DAVE,1.0
VOLODIN EVGENIJ ALEKSANDROVICH,1.0
VOLONCHUK SERGEJ KONSTANTINOVICH,1.0
VORONKOV VLADIMIR NIKOLAEVICH,1.0
VOSS ANDREAS,1.0
VOSTORGOV ALEKSEJ BORISOVICH,1.0
VUILLET JEAN-FRANCOIS,1.0
WACHENDORFF-NEUMANN ULRIKE,1.0
WACHI MASATADA,1.0
WADA AKIHISA,1.0
WAGNER RÃœDIGER J,1.0
WALKER JAY S,1.0
WALLACE DANIEL J,1.0
WALLIN C ROGER,1.0
WAN JUN,1.0
WANG AINA,1.0
WANG BIN,1.0
WANG CHAO,1.0
WANG CHUANLIN,1.0
WANG CONG,1.0
WANG DONG,1.0
WANG FENGHE XU,1.0
WANG GAI,1.0
WANG GUIRONG,1.0
WANG GUOHUA,1.0
WANG GUOLONG,1.0
WANG HAO,1.0
WANG HUIHUA,1.0
WANG JIANHUA,1.0
WANG JIGUO,1.0
WANG JIN,1.0
WANG JINGCHUN,1.0
WANG JINGLEI,1.0
WANG LU NAN,1.0
WANG QINGBAO,1.0
WANG RUI,1.0
WANG SUILI,1.0
WANG TINGLING,1.0
WANG WANLI,1.0
WANG XIAOMEI,1.0
WANG YAN,1.0
WANG YECHEN,1.0
WANG YINGHAI,1.0
WANG YOUCHUANG,1.0
WANG YU,1.0
WANG ZEMIN,1.0
WANG ZHIXIONG,1.0
WANG ZILONG,1.0
WANGEN MA,1.0
WAQUET PHILIPPE,1.0
WARDLE PATRICK,1.0
WARREN JEREMY,1.0
WASSICK GREGORY J,1.0
WATABE KAORU,1.0
"WEBER, STEFFEN",1.0
WEHMEIER KERSTEN,1.0
WEI JIANG,1.0
WEI REN,1.0
WEI ZHANG,1.0
WEI ZHU,1.0
WEICHENBERGER LOTHAR,1.0
WEICHUN XIE,1.0
WEIJIAO LI,1.0
WEIKEL RAYMOND K,1.0
WEILI GUAN,1.0
WEILI XU,1.0
WEIMER PETER,1.0
WEINMANN ROBERT V,1.0
WEIWAI QU,1.0
WELCH STEPHEN CHRISTOPHER,1.0
WELLS GREG,1.0
WENGROVITZ MICHAEL S,1.0
WENJU ZHANG,1.0
WENJUN WANG,1.0
WENLI ZHANG,1.0
WENZHONG WANG,1.0
WERNICKE JOACHIM PROF DR-ING,1.0
WERZ III THOMAS B,1.0
WESTPHAL BRIAN ROY,1.0
WHIPPLE JOHN,1.0
WHITMER CHARLES,1.0
WIEBKING LEIF,1.0
WIGGERICH BURKHARD,1.0
WILDT STEFAN,1.0
WILLIAMS DONALD S,1.0
WILLIS RAYMOND WALTER,1.0
WILLNEFF RAINER,1.0
WILMES THEODORE,1.0
WISOR ROBERT A,1.0
WOERNER GUENTER DIPL ING,1.0
WOHLFAHRT MICHAEL,1.0
WOO SOON OK,1.0
WOOD JR LOWELL L,1.0
WOODALL JR ROBERT C,1.0
WOODWARD JR REAGAN NEIL,1.0
WU BAOZHONG,1.0
WU CAIGANG,1.0
WU JIANMING,1.0
WU LIAONI,1.0
WU MENG,1.0
WU RANGXIN,1.0
WU RUIBO,1.0
WU XIAOBO,1.0
WU XINRONG,1.0
WU ZHANGQIN,1.0
WYGENT MARK A,1.0
WYSE LONCE LAMAR,1.0
XIA MAN,1.0
XIANGFU KONG,1.0
XIANGHENG SHEN,1.0
XIANQI HU,1.0
XIANWEI MENG,1.0
XIAO DING,1.0
XIAO SHAOHUA,1.0
XIAO YUANCHAO,1.0
XIAO ZHU,1.0
XIAOCHUN LI,1.0
XIAOFENG CHEN,1.0
XIAOJIE LI,1.0
XIAOYUN ZHANG,1.0
XIE JIANPING HU,1.0
XIE JUN,1.0
XIE MIN,1.0
XIE QINWEI,1.0
XIE XINGYAO WAN,1.0
XIMIN SONG,1.0
XIN PENG,1.0
XIN XUELEI,1.0
XING XIAOFEN,1.0
XINHUA CHEN,1.0
XINNAN FAN,1.0
XINTIAN FAN,1.0
XIU HONGMING,1.0
XIURUN GE,1.0
XU HAIYUN,1.0
XU JIANGPING,1.0
XU JIANRONG,1.0
XU LIMIN,1.0
XU WANGBAO,1.0
XU XIANGYANG,1.0
XU XIAOJIA,1.0
XU XINGANG,1.0
XU YIJING,1.0
XUDONG LI,1.0
XUE XINYU,1.0
XUEFEI DU,1.0
XUEWEN CHENG,1.0
XUEWU ZHANG,1.0
XUN CHEN,1.0
YAKYMENKO OLENA OLEKSANDRIVNA,1.0
YALE YIN,1.0
YAN DONG,1.0
YAN HUA,1.0
YAN WEIYU,1.0
YAN ZHENG,1.0
YANG CHENGGANG,1.0
YANG CUI,1.0
YANG DAOYI,1.0
YANG FENG,1.0
YANG GUIJUN,1.0
YANG HAIQUAN,1.0
YANG HANBING,1.0
YANG HAO,1.0
YANG HUAMIN,1.0
YANG HUI SEON,1.0
YANG JINBO,1.0
YANG JING,1.0
YANG JOON HYUK,1.0
YANG JUN,1.0
YANG LIU,1.0
YANG NIANWAN,1.0
YANG RUWEI,1.0
YANG XIAODONG,1.0
YANG XUEHAI,1.0
YANG XUEJU,1.0
YANG YOUDONG,1.0
YANG YULIN,1.0
YANG ZHENGKUI,1.0
YANJUN LI,1.0
YANLI YANG,1.0
YAO SUOPING,1.0
YAO XIAOHONG,1.0
YAO XU,1.0
YAOLIN WEI,1.0
YARNYKH TETIANA HRYHORIVNA,1.0
YARON RONNIE,1.0
YASCHENKO VITALII IVANOVYCH,1.0
YASCHENKO VITALII VITALIIOVYCH,1.0
YASCHENKO YAROSLAV VITALIIOVYCH,1.0
YE SONG,1.0
YE ZHIZHEN,1.0
YE ZHOU,1.0
YELL NIGEL BIRKBECK,1.0
YERBY HENRY T,1.0
YI JIANQIANG,1.0
YI JU WAN,1.0
YICHENG CAO,1.0
YIJI LIAO,1.0
YIMIN HE,1.0
YIN GUOHUI,1.0
YIN KEQING,1.0
YINGLIN KE,1.0
YINGWU REN,1.0
YINGYING GU,1.0
YIPING WU,1.0
YIYU CHENG,1.0
YONG ZHAO,1.0
YONGHUA YANG,1.0
YOO CHANG SUN,1.0
YOO SEUNG HO,1.0
YOON DAE HOEN,1.0
YOON TONG WOO,1.0
YORK EDWARD JAMES,1.0
YORK EDWARD JULIUS,1.0
YORK SPENCER JAY,1.0
YU GUOXIN,1.0
YU HAIYANG,1.0
YU HONGZHI,1.0
YU JIAN,1.0
YU JIEREN,1.0
YU LIU BENHUA LIU,1.0
YU QINGGUANG GU,1.0
YU SANG PHIL,1.0
YU SANG SEOK,1.0
YU YUEXIAN,1.0
YU ZHENGLIANG,1.0
YUAN CHAOYING,1.0
YUAN FENGYUN,1.0
YUAN RUYI,1.0
YUAN TIANFENG,1.0
YUAN WENYE,1.0
YUE HONGWEI,1.0
YUEN PO-WAI,1.0
YULIANG RAN,1.0
YUNSHUI LI,1.0
YUSHU WU,1.0
YUYUAN QIAO,1.0
ZABRANA MICHAEL JOSEPH,1.0
ZAHAVI DOV,1.0
ZAICEVSKIJ ALEKSEJ,1.0
ZAIJIANG YANG,1.0
ZAJTSEV DMITRIJ VIKTOROVICH,1.0
ZAKHAROV ARSENIJ VIKTOROVICH,1.0
ZANG LIANSHENG,1.0
ZAOUALI FRANCK,1.0
ZAV JALOV ROMAN ALEKSEEVICH,1.0
ZAVROS STAVROS,1.0
ZAWILSKI ANDRZEJ,1.0
ZELL HORST,1.0
ZEROF ERIC,1.0
ZHAI HONGYU,1.0
ZHANCHAO GUO,1.0
ZHANG BAISHUN,1.0
ZHANG BINFEI,1.0
ZHANG CHUNJIANG,1.0
ZHANG DEJIN,1.0
ZHANG GUANGJUN CHEN,1.0
ZHANG GUANGJUN SUN,1.0
ZHANG GUOWEI,1.0
ZHANG HANDUO,1.0
ZHANG HAOMING,1.0
ZHANG JINGHAO,1.0
ZHANG LI,1.0
ZHANG LIBIN,1.0
ZHANG LIUSHENG,1.0
ZHANG LIZHEN,1.0
ZHANG PENG,1.0
ZHANG QIANG,1.0
ZHANG QIN GANG,1.0
ZHANG TAO,1.0
ZHANG TIANYUAN,1.0
ZHANG WEIBIN,1.0
ZHANG WUYIN,1.0
ZHANG XIAO,1.0
ZHANG XINCHENG,1.0
ZHANG XINJUN,1.0
ZHANG XUSHENG ZHOU,1.0
ZHANG YANCHAO,1.0
ZHANG YUFU,1.0
ZHANG YUPING,1.0
ZHANG YUXIN,1.0
ZHANGLI LAN,1.0
ZHAO CHUNJIANG,1.0
ZHAO FA,1.0
ZHAO JIANPING,1.0
ZHAO JINGHUA,1.0
ZHAO LIANGLIANG,1.0
ZHAO LIMIN,1.0
ZHAO MAN,1.0
ZHAO MEI,1.0
ZHAO XI AN,1.0
ZHAO XIUNIAN,1.0
ZHAO XUEFENG,1.0
ZHAO ZHIFANG,1.0
ZHAO ZHONGJIE,1.0
ZHEN HAITAO,1.0
ZHEN LIU,1.0
ZHEN ZIYANG,1.0
ZHENCAI LIU,1.0
ZHENG BAOZHONG,1.0
ZHENG ENHUI,1.0
ZHENG GUOGUANG,1.0
ZHENG LI,1.0
ZHENG XIN,1.0
ZHENG ZEWEI,1.0
ZHENG ZHIMING,1.0
ZHENGPING DU,1.0
ZHENSHENG LIU,1.0
ZHIGUO WANG,1.0
ZHIHUA YANG,1.0
ZHONG LIANGXUAN,1.0
ZHONG SIDONG,1.0
ZHOU ANDREW,1.0
ZHOU BING,1.0
ZHOU DAOXIAN,1.0
ZHOU DYLAN,1.0
ZHOU FUQIANG LI,1.0
ZHOU GUIFENG,1.0
ZHOU GUOQING,1.0
ZHOU HONGSHAN,1.0
ZHOU JIANXUN,1.0
ZHOU TIGER,1.0
ZHOU ZHICHENG,1.0
ZHU LIANXIN,1.0
ZHU LIPING,1.0
ZHU MING,1.0
ZHU PING,1.0
ZHU WANPING,1.0
ZHUANG MINGXING,1.0
ZHUKOV MIKHAIL BORISOVICH,1.0
ZHUKOVA NATAL JA SERGEEVNA,1.0
ZHUO YUFU,1.0
ZHURAVEL SVITLANA OLEKSANDRIVN,1.0
ZHUTING TONG,1.0
ZICHENG XU,1.0
ZIETZ JOHN M,1.0
ZIJIAN SHI,1.0
ZIK JAMES,1.0
ZIMMERER DOUGLAS R,1.0
ZINOV EV EVGENIJ VLADIMIROVICH,1.0
ZIPF EDWARD C,1.0
ZIXUE DU,1.0
ZIYAN WU,1.0
ZLOBIN VITALIJ IVANOVICH,1.0
ZLOBINOVA MARINA VLADIMIROVNA,1.0
ZONGLIN CAI ZONGLIN CAI,1.0
ZUBENKO ALEKSANDR ALEKSANDROVICH,1.0
ZUEV VALERIJ PETROVICH,1.0
ZUOGUANG ZHANG,1.0
ZUPEC MARK E,1.0
ZVONOV ALEKSANDR ALEKSANDROVICH,1.0
